                  epoch,        train/giou_loss,         train/cls_loss,          train/l1_loss,   metrics/precision(B),      metrics/recall(B),       metrics/mAP50(B),    metrics/mAP50-95(B),          val/giou_loss,           val/cls_loss,            val/l1_loss,                 lr/pg0,                 lr/pg1,                 lr/pg2
                      1,                 1.0805,                0.95972,                 2.5544,                0.00221,                0.02548,                0.00163,                0.00027,                 1.4219,                0.61578,                 1.4094,               0.070106,              0.0033215,              0.0033215
                      2,                0.96982,                0.77704,                 1.2199,                0.01969,                0.03906,                0.01083,                 0.0023,                  1.041,                0.73939,                0.94845,                0.04004,               0.006589,               0.006589
                      3,                0.36375,                 1.1608,                0.76691,                 0.1178,                0.17839,                0.11619,                0.04862,                 0.3605,                 1.1993,                0.75874,              0.0099086,              0.0097904,              0.0097904
                      4,                0.12732,                0.97312,                0.52003,                0.31815,                0.41027,                0.31177,                0.18384,                0.14403,                0.85379,                0.50182,               0.009703,               0.009703,               0.009703
                      5,                0.08597,                0.85129,                0.43419,                0.29257,                0.43399,                 0.2694,                0.14715,                0.19663,                0.91637,                0.46034,               0.009604,               0.009604,               0.009604
                      6,                0.07308,                0.78165,                  0.407,                0.37064,                0.49981,                0.36381,                0.21186,                0.14262,                0.75486,                0.38293,               0.009505,               0.009505,               0.009505
                      7,                0.06702,                0.74689,                 0.3844,                0.48239,                0.52957,                 0.4751,                 0.3001,                0.10836,                0.70501,                0.38007,               0.009406,               0.009406,               0.009406
                      8,                0.06191,                0.72542,                0.37445,                  0.495,                0.57651,                0.50014,                0.32396,                0.10945,                0.66634,                0.34314,               0.009307,               0.009307,               0.009307
                      9,                0.05853,                0.69466,                0.35442,                   0.56,                0.60317,                0.55149,                0.36553,                0.09815,                0.64621,                0.33782,               0.009208,               0.009208,               0.009208
                     10,                 0.0574,                0.67527,                0.35354,                0.56522,                0.61137,                0.57159,                0.37647,                0.10174,                0.64061,                0.33648,               0.009109,               0.009109,               0.009109
                     11,                0.05167,                0.66508,                 0.3398,                0.59373,                0.64849,                0.59521,                0.40783,                0.08392,                0.61933,                0.31756,                0.00901,                0.00901,                0.00901
                     12,                0.05387,                0.64914,                0.33484,                0.59086,                0.60053,                0.56648,                 0.3751,                0.10149,                0.60269,                0.32513,               0.008911,               0.008911,               0.008911
                     13,                0.05101,                0.64565,                  0.326,                0.58022,                0.62459,                0.56432,                0.37631,                0.10212,                0.58979,                0.32717,               0.008812,               0.008812,               0.008812
                     14,                0.05011,                0.64041,                0.32582,                0.53873,                0.58637,                0.53415,                0.35095,                 0.1068,                0.66488,                0.33385,               0.008713,               0.008713,               0.008713
                     15,                0.04795,                0.62387,                  0.316,                0.62938,                 0.6807,                0.64407,                0.44948,                0.07501,                0.58123,                0.30395,               0.008614,               0.008614,               0.008614
                     16,                0.04942,                 0.6074,                0.31593,                 0.6123,                0.62307,                0.60096,                0.40634,                0.12154,                0.59353,                 0.3603,               0.008515,               0.008515,               0.008515
                     17,                0.04478,                0.61623,                0.31381,                 0.6364,                0.69445,                0.65764,                0.45241,                0.08352,                0.54872,                0.30358,               0.008416,               0.008416,               0.008416
                     18,                 0.0442,                0.60649,                0.30998,                0.66538,                0.70156,                0.68295,                0.47967,                0.07352,                0.53575,                0.29405,               0.008317,               0.008317,               0.008317
                     19,                0.04473,                0.58914,                0.30831,                0.65885,                0.68924,                0.67325,                0.47078,                0.07963,                0.54145,                0.30126,               0.008218,               0.008218,               0.008218
                     20,                0.04349,                0.58488,                0.30471,                0.67789,                 0.7018,                0.69473,                0.48957,                0.07296,                0.53634,                0.29394,               0.008119,               0.008119,               0.008119
                     21,                0.04171,                0.57736,                0.30155,                0.67002,                0.72123,                0.69569,                0.49443,                0.06848,                0.53114,                0.29343,                0.00802,                0.00802,                0.00802
                     22,                0.04019,                0.58653,                0.29948,                 0.6718,                0.70611,                0.68553,                0.48286,                0.07791,                0.55536,                0.29799,               0.007921,               0.007921,               0.007921
                     23,                0.04089,                0.57865,                0.29595,                0.67316,                0.70028,                0.68659,                0.48522,                0.07941,                0.52957,                0.29683,               0.007822,               0.007822,               0.007822
                     24,                0.03996,                0.57417,                0.29459,                0.69258,                0.71407,                0.70772,                0.50438,                0.07584,                0.51616,                0.29372,               0.007723,               0.007723,               0.007723
                     25,                0.03839,                0.56195,                 0.2904,                0.69711,                0.71755,                0.71229,                0.50644,                0.07741,                0.51621,                0.29293,               0.007624,               0.007624,               0.007624
                     26,                0.03729,                0.56007,                0.28597,                0.70214,                0.72835,                 0.7163,                0.51141,                0.07239,                0.50985,                 0.2891,               0.007525,               0.007525,               0.007525
                     27,                 0.0392,                0.56016,                0.28801,                0.69529,                0.73682,                0.72253,                0.51737,                0.06857,                0.50838,                0.28561,               0.007426,               0.007426,               0.007426
                     28,                0.03769,                0.55237,                0.28862,                0.71393,                0.73726,                0.73287,                0.52675,                0.07123,                0.50042,                0.28416,               0.007327,               0.007327,               0.007327
                     29,                0.03762,                 0.5428,                0.28549,                0.70561,                0.74748,                0.73704,                 0.5307,                0.06619,                0.49551,                0.28103,               0.007228,               0.007228,               0.007228
                     30,                0.03632,                0.54586,                0.28408,                0.72641,                0.74203,                0.75241,                0.54338,                0.06654,                0.49217,                0.28042,               0.007129,               0.007129,               0.007129
                     31,                0.03744,                0.54343,                0.28601,                 0.7241,                0.75059,                0.75376,                0.54752,                0.06728,                0.48982,                0.28189,                0.00703,                0.00703,                0.00703
                     32,                0.03479,                0.54203,                0.28375,                0.72712,                0.73236,                 0.7521,                0.54749,                0.06568,                0.48766,                0.28105,               0.006931,               0.006931,               0.006931
                     33,                0.03804,                0.54017,                0.28097,                0.72142,                0.75845,                0.75928,                0.55465,                0.06529,                0.48146,                0.27943,               0.006832,               0.006832,               0.006832
                     34,                0.03544,                0.53507,                0.28264,                0.73858,                 0.7507,                0.76643,                0.56017,                0.06409,                0.48022,                0.27542,               0.006733,               0.006733,               0.006733
                     35,                0.03541,                0.53218,                0.27863,                0.74101,                0.75198,                0.77131,                0.56498,                0.06413,                0.47605,                0.27821,               0.006634,               0.006634,               0.006634
                     36,                0.03609,                0.52626,                0.27621,                0.73979,                0.74982,                0.76839,                0.56364,                 0.0628,                  0.476,                0.27561,               0.006535,               0.006535,               0.006535
                     37,                0.03525,                0.52777,                0.27797,                0.74562,                0.74958,                0.77563,                0.56961,                0.06504,                0.47538,                0.27474,               0.006436,               0.006436,               0.006436
                     38,                0.03543,                0.52943,                0.27821,                0.74393,                0.75989,                0.77851,                 0.5726,                0.06542,                0.47214,                0.27481,               0.006337,               0.006337,               0.006337
                     39,                0.03356,                0.52268,                0.27478,                0.73833,                0.75831,                0.77367,                0.56834,                0.06625,                0.47158,                0.27659,               0.006238,               0.006238,               0.006238
                     40,                 0.0348,                0.52427,                0.27465,                0.74499,                0.75796,                0.77453,                0.57102,                 0.0656,                 0.4686,                0.27487,               0.006139,               0.006139,               0.006139
                     41,                0.03649,                0.51328,                0.27647,                0.73239,                0.76311,                0.77331,                 0.5713,                0.06556,                0.47013,                0.27262,                0.00604,                0.00604,                0.00604
                     42,                0.03475,                0.51375,                0.27286,                0.74449,                0.77175,                0.77893,                0.57303,                0.06455,                0.46874,                0.27105,               0.005941,               0.005941,               0.005941
                     43,                 0.0342,                0.52388,                0.26972,                0.74304,                0.77816,                0.78318,                0.57653,                0.06479,                0.46534,                0.27156,               0.005842,               0.005842,               0.005842
                     44,                0.03229,                 0.5042,                0.27022,                0.75433,                0.77738,                0.78597,                0.58013,                0.06302,                0.46407,                0.27123,               0.005743,               0.005743,               0.005743
                     45,                0.03305,                0.50698,                0.26931,                0.75672,                0.77484,                0.78585,                0.58107,                0.06329,                0.46407,                0.27179,               0.005644,               0.005644,               0.005644
                     46,                0.03368,                0.51568,                0.26987,                0.75729,                0.76974,                0.78826,                0.58318,                0.06325,                0.46343,                0.27059,               0.005545,               0.005545,               0.005545
                     47,                0.03076,                0.50459,                0.26736,                 0.7588,                0.76924,                0.78904,                0.58357,                0.06248,                0.46228,                0.27057,               0.005446,               0.005446,               0.005446
                     48,                0.03314,                0.51206,                 0.2676,                0.75752,                0.76896,                0.78912,                0.58596,                0.06182,                0.46351,                0.26948,               0.005347,               0.005347,               0.005347
                     49,                0.03377,                 0.5065,                0.26806,                0.76182,                0.76937,                0.79213,                0.58865,                0.06139,                0.46175,                0.26874,               0.005248,               0.005248,               0.005248
                     50,                0.03381,                0.50174,                0.26572,                 0.7685,                 0.7569,                0.78996,                0.58683,                 0.0606,                0.46228,                0.26808,               0.005149,               0.005149,               0.005149
                     51,                0.03114,                0.49509,                0.26313,                0.76565,                0.76907,                0.79312,                 0.5909,                0.06091,                0.46203,                0.26785,                0.00505,                0.00505,                0.00505
                     52,                0.03447,                0.50396,                 0.2681,                 0.7688,                0.76695,                0.79484,                0.59206,                0.06187,                 0.4597,                0.26866,               0.004951,               0.004951,               0.004951
                     53,                 0.0328,                0.49208,                0.26215,                0.77045,                0.77188,                0.79705,                0.59432,                0.06087,                0.45966,                0.26707,               0.004852,               0.004852,               0.004852
                     54,                 0.0305,                0.49335,                 0.2566,                0.77156,                 0.7762,                0.80009,                0.59809,                0.06082,                 0.4575,                0.26698,               0.004753,               0.004753,               0.004753
                     55,                0.03298,                0.48567,                0.26177,                0.77897,                 0.7729,                0.80232,                0.59879,                0.06088,                0.45628,                0.26716,               0.004654,               0.004654,               0.004654
                     56,                0.03197,                0.50016,                0.26174,                0.77675,                0.77577,                0.80274,                0.59989,                0.06156,                 0.4573,                0.26692,               0.004555,               0.004555,               0.004555
                     57,                0.03087,                0.48534,                0.25818,                0.77692,                0.77889,                0.80272,                0.60045,                 0.0611,                0.45527,                0.26676,               0.004456,               0.004456,               0.004456
                     58,                0.03074,                0.48245,                0.25819,                0.78248,                 0.7765,                 0.8029,                0.60068,                0.06064,                0.45368,                0.26688,               0.004357,               0.004357,               0.004357
                     59,                0.03118,                0.49031,                0.25827,                0.78027,                 0.7771,                0.80259,                0.60053,                0.06044,                0.45334,                0.26654,               0.004258,               0.004258,               0.004258
                     60,                 0.0304,                 0.4835,                0.25593,                0.78259,                0.77784,                0.80584,                0.60266,                0.05975,                0.45238,                0.26634,               0.004159,               0.004159,               0.004159
                     61,                0.02909,                0.47729,                0.25618,                0.78285,                 0.7781,                0.80686,                0.60407,                0.06018,                0.45168,                0.26609,                0.00406,                0.00406,                0.00406
                     62,                0.03004,                0.47542,                0.25715,                0.79247,                0.77287,                0.80636,                0.60449,                0.06096,                0.45253,                0.26509,               0.003961,               0.003961,               0.003961
                     63,                 0.0305,                0.47675,                0.25599,                0.78968,                 0.7743,                0.80706,                0.60528,                0.06054,                0.45194,                0.26478,               0.003862,               0.003862,               0.003862
                     64,                0.02903,                0.48182,                0.25589,                0.79031,                0.77461,                0.80793,                0.60611,                0.06146,                0.45144,                0.26496,               0.003763,               0.003763,               0.003763
                     65,                0.03039,                0.47317,                0.25645,                0.78474,                0.77672,                0.80821,                0.60656,                0.06117,                0.45103,                0.26498,               0.003664,               0.003664,               0.003664
                     66,                0.02996,                0.47065,                0.25364,                0.78986,                0.77518,                0.80874,                 0.6074,                0.06114,                0.45033,                0.26546,               0.003565,               0.003565,               0.003565
                     67,                0.02951,                0.46236,                0.25426,                 0.7883,                0.77781,                0.80964,                0.60813,                0.06207,                0.45026,                0.26578,               0.003466,               0.003466,               0.003466
                     68,                0.03017,                0.46594,                0.25008,                0.78697,                0.78062,                0.80961,                0.60798,                 0.0619,                0.44978,                 0.2658,               0.003367,               0.003367,               0.003367
                     69,                 0.0312,                0.46272,                0.25451,                0.78499,                0.78299,                0.80973,                0.60874,                0.06123,                0.44939,                0.26578,               0.003268,               0.003268,               0.003268
                     70,                0.02898,                0.45646,                0.25148,                0.78469,                 0.7832,                0.81049,                0.60933,                0.06148,                0.44939,                0.26555,               0.003169,               0.003169,               0.003169
                     71,                0.02993,                 0.4597,                0.25346,                0.78819,                0.78457,                 0.8112,                0.61005,                0.06227,                0.44908,                0.26544,                0.00307,                0.00307,                0.00307
                     72,                0.03005,                0.45868,                0.24749,                0.78867,                0.78201,                 0.8119,                0.61052,                0.06198,                0.44795,                0.26519,               0.002971,               0.002971,               0.002971
                     73,                0.02859,                0.45251,                0.24542,                0.78809,                0.78234,                0.81308,                0.61112,                 0.0618,                0.44861,                0.26481,               0.002872,               0.002872,               0.002872
                     74,                0.02783,                0.44986,                0.25037,                0.78654,                 0.7853,                0.81364,                0.61155,                0.06199,                 0.4475,                0.26471,               0.002773,               0.002773,               0.002773
                     75,                0.02744,                0.44618,                0.24611,                0.78445,                0.78703,                0.81454,                0.61257,                0.06212,                0.44748,                0.26473,               0.002674,               0.002674,               0.002674
                     76,                0.02801,                0.44653,                0.24646,                 0.7851,                0.78695,                0.81506,                0.61314,                0.06251,                0.44632,                0.26528,               0.002575,               0.002575,               0.002575
                     77,                0.02837,                0.45107,                0.24722,                0.78462,                0.78908,                0.81545,                0.61327,                0.06257,                0.44555,                0.26512,               0.002476,               0.002476,               0.002476
                     78,                0.02884,                0.44751,                 0.2413,                0.78566,                0.79055,                0.81586,                0.61363,                0.06269,                0.44599,                0.26485,               0.002377,               0.002377,               0.002377
                     79,                0.02728,                 0.4415,                0.24279,                0.78361,                0.79182,                0.81466,                0.61309,                0.06233,                0.44614,                0.26444,               0.002278,               0.002278,               0.002278
                     80,                0.02546,                0.44101,                0.23812,                0.78728,                0.78576,                0.81506,                  0.614,                0.06249,                0.44606,                0.26491,               0.002179,               0.002179,               0.002179
                     81,                0.02738,                0.44636,                0.23895,                0.78722,                0.78779,                0.81538,                0.61462,                0.06239,                0.44636,                0.26445,                0.00208,                0.00208,                0.00208
                     82,                0.02764,                0.43779,                0.24191,                0.78964,                0.78717,                0.81571,                0.61483,                0.06253,                0.44609,                0.26434,               0.001981,               0.001981,               0.001981
                     83,                0.02734,                 0.4325,                0.23961,                0.78931,                 0.7872,                0.81577,                0.61505,                0.06285,                0.44638,                0.26406,               0.001882,               0.001882,               0.001882
                     84,                 0.0276,                0.43991,                0.23856,                0.78691,                0.78967,                0.81577,                0.61493,                0.06252,                0.44653,                0.26389,               0.001783,               0.001783,               0.001783
                     85,                0.02722,                0.42925,                0.23957,                0.79272,                0.78695,                0.81653,                0.61573,                0.06257,                  0.446,                 0.2641,               0.001684,               0.001684,               0.001684
                     86,                0.02782,                0.42747,                0.24031,                0.79262,                0.78708,                0.81652,                0.61604,                0.06238,                0.44534,                0.26403,               0.001585,               0.001585,               0.001585
                     87,                0.02914,                0.42977,                0.23708,                0.79685,                0.78315,                0.81698,                 0.6164,                0.06238,                0.44562,                0.26396,               0.001486,               0.001486,               0.001486
                     88,                0.02697,                0.43185,                0.23244,                0.79708,                 0.7838,                 0.8178,                0.61743,                0.06277,                0.44523,                0.26363,               0.001387,               0.001387,               0.001387
                     89,                0.02612,                 0.4233,                0.23617,                0.79442,                0.78747,                0.81834,                0.61781,                0.06312,                0.44514,                0.26388,               0.001288,               0.001288,               0.001288
                     90,                 0.0258,                 0.4186,                0.23162,                0.79871,                0.78419,                0.81843,                0.61826,                0.06305,                0.44559,                  0.264,               0.001189,               0.001189,               0.001189
                     91,                0.02713,                0.41591,                0.23671,                0.80021,                0.78305,                0.81832,                0.61817,                0.06269,                0.44504,                0.26437,                0.00109,                0.00109,                0.00109
                     92,                0.02516,                 0.4107,                0.23257,                0.79969,                0.78292,                 0.8181,                0.61826,                  0.063,                0.44502,                0.26413,               0.000991,               0.000991,               0.000991
                     93,                0.02687,                0.41341,                 0.2359,                0.79746,                0.78417,                0.81845,                0.61885,                0.06293,                 0.4444,                0.26467,               0.000892,               0.000892,               0.000892
                     94,                0.02669,                0.41554,                0.22972,                0.79666,                0.78627,                0.81935,                0.61984,                0.06381,                0.44425,                0.26518,               0.000793,               0.000793,               0.000793
                     95,                 0.0259,                0.41087,                0.23044,                0.79593,                0.78686,                0.81931,                0.61947,                0.06372,                0.44418,                0.26531,               0.000694,               0.000694,               0.000694
                     96,                0.02584,                0.40882,                0.23215,                0.79681,                  0.788,                0.81979,                0.61947,                0.06409,                0.44369,                0.26533,               0.000595,               0.000595,               0.000595
                     97,                0.02497,                0.40675,                 0.2287,                0.79683,                0.78838,                0.81986,                0.61964,                 0.0637,                0.44226,                0.26617,               0.000496,               0.000496,               0.000496
                     98,                 0.0256,                0.40619,                0.23087,                0.79454,                0.79133,                0.82012,                0.62002,                0.06409,                0.44264,                0.26664,               0.000397,               0.000397,               0.000397
                     99,                0.02469,                 0.4031,                0.22662,                0.79598,                0.79285,                0.82073,                 0.6207,                0.06421,                0.44231,                0.26721,               0.000298,               0.000298,               0.000298
                    100,                0.02652,                0.40354,                0.22931,                0.79484,                0.79476,                0.82098,                0.62107,                0.06375,                0.44201,                0.26668,               0.000199,               0.000199,               0.000199
