rgb,ir,width,height,ir_width,ir_height,dx_px,dy_px,shift_px,response,ncc_before,ncc_after,status,reason
/home/biiteam/Storage-4T/biiteam/MCONG/datasets/dronevehicle_twostream/images/train/ir_00001.jpg,/home/biiteam/Storage-4T/biiteam/MCONG/datasets/dronevehicle_twostream/image/train/ir_00001.png,640,512,640,512,0.4133799971401686,-0.11074624779939768,0.42795765378977796,0.19646373353898525,0.3440581481436322,0.3506384893466995,ALIGNED,ok
/home/biiteam/Storage-4T/biiteam/MCONG/datasets/dronevehicle_twostream/images/train/ir_00091.jpg,/home/biiteam/Storage-4T/biiteam/MCONG/datasets/dronevehicle_twostream/image/train/ir_00091.png,640,512,640,512,-118.220873894428,-43.18745781199044,125.86235154574501,0.00015014808159321546,0.0563426621426293,-0.020195953763211778,MISALIGNED,large_shift
/home/biiteam/Storage-4T/biiteam/MCONG/datasets/dronevehicle_twostream/images/train/ir_00181.jpg,/home/biiteam/Storage-4T/biiteam/MCONG/datasets/dronevehicle_twostream/image/train/ir_00181.png,640,512,640,512,-26.70494050401959,-12.154909073846909,29.341023532193148,0.009835059056058526,0.1093003972857939,-0.0019305797499629778,MISALIGNED,large_shift
/home/biiteam/Storage-4T/biiteam/MCONG/datasets/dronevehicle_twostream/images/train/ir_00272.jpg,/home/biiteam/Storage-4T/biiteam/MCONG/datasets/dronevehicle_twostream/image/train/ir_00272.png,640,512,640,512,0.5921188272094469,0.2617391781805054,0.6473886799523894,0.1514763263752684,0.3070789880556822,0.3156818720165546,ALIGNED,ok
/home/biiteam/Storage-4T/biiteam/MCONG/datasets/dronevehicle_twostream/images/train/ir_00362.jpg,/home/biiteam/Storage-4T/biiteam/MCONG/datasets/dronevehicle_twostream/image/train/ir_00362.png,640,512,640,512,2.894776444914328,0.10144948666561504,2.8965535838951006,0.13481089121196418,0.2999753924989196,0.30222831507571574,ALIGNED,ok
/home/biiteam/Storage-4T/biiteam/MCONG/datasets/dronevehicle_twostream/images/train/ir_00452.jpg,/home/biiteam/Storage-4T/biiteam/MCONG/datasets/dronevehicle_twostream/image/train/ir_00452.png,640,512,640,512,-0.38163686211333925,-0.47425661274485265,0.6087413484033568,0.2992574990727007,0.44131427424146,0.4403378268573883,ALIGNED,ok
/home/biiteam/Storage-4T/biiteam/MCONG/datasets/dronevehicle_twostream/images/train/ir_00543.jpg,/home/biiteam/Storage-4T/biiteam/MCONG/datasets/dronevehicle_twostream/image/train/ir_00543.png,640,512,640,512,0.8420106197444284,-0.6868487107678334,1.0866200049906274,0.1867128863930702,0.3737643028554138,0.4199601575640962,ALIGNED,ok
/home/biiteam/Storage-4T/biiteam/MCONG/datasets/dronevehicle_twostream/images/train/ir_00633.jpg,/home/biiteam/Storage-4T/biiteam/MCONG/datasets/dronevehicle_twostream/image/train/ir_00633.png,640,512,640,512,-6.279495524156687,7.479232812222477,9.765807058166224,-0.00631242822855711,0.35012237866735735,0.20427359663298802,MISALIGNED,large_shift
/home/biiteam/Storage-4T/biiteam/MCONG/datasets/dronevehicle_twostream/images/train/ir_00724.jpg,/home/biiteam/Storage-4T/biiteam/MCONG/datasets/dronevehicle_twostream/image/train/ir_00724.png,640,512,640,512,1.0353544482526331,-0.1997890217813847,1.0544545920715964,0.17704318827018142,0.42416606523114114,0.3733057831389608,ALIGNED,ok
/home/biiteam/Storage-4T/biiteam/MCONG/datasets/dronevehicle_twostream/images/train/ir_00814.jpg,/home/biiteam/Storage-4T/biiteam/MCONG/datasets/dronevehicle_twostream/image/train/ir_00814.png,640,512,640,512,0.6821472969700721,-2.8625414045714024,2.942697440724954,0.12998662260361016,0.2736327680464892,0.2265354924264384,ALIGNED,ok
/home/biiteam/Storage-4T/biiteam/MCONG/datasets/dronevehicle_twostream/images/train/ir_00904.jpg,/home/biiteam/Storage-4T/biiteam/MCONG/datasets/dronevehicle_twostream/image/train/ir_00904.png,640,512,640,512,0.9076667648797638,-5.495796848051782,5.570246130210334,0.43471371293999256,0.2710227250004621,0.20805119247323012,ALIGNED,ok
/home/biiteam/Storage-4T/biiteam/MCONG/datasets/dronevehicle_twostream/images/train/ir_00995.jpg,/home/biiteam/Storage-4T/biiteam/MCONG/datasets/dronevehicle_twostream/image/train/ir_00995.png,640,512,640,512,-2.0873743706356436,2.276823370471078,3.0888600524319374,0.06185453811194748,0.13066345952369382,0.12049144428860892,ALIGNED,ok
/home/biiteam/Storage-4T/biiteam/MCONG/datasets/dronevehicle_twostream/images/train/ir_01085.jpg,/home/biiteam/Storage-4T/biiteam/MCONG/datasets/dronevehicle_twostream/image/train/ir_01085.png,640,512,640,512,0.36962797064450115,2.1146466060273212,2.1467079692090496,0.13486579465679824,0.44882207295327725,0.44729804681449875,ALIGNED,ok
/home/biiteam/Storage-4T/biiteam/MCONG/datasets/dronevehicle_twostream/images/train/ir_01176.jpg,/home/biiteam/Storage-4T/biiteam/MCONG/datasets/dronevehicle_twostream/image/train/ir_01176.png,640,512,640,512,0.3805082874967525,-0.25119326883270787,0.45594365349303007,0.23082610585261137,0.37270258597041545,0.37081684996112,ALIGNED,ok
/home/biiteam/Storage-4T/biiteam/MCONG/datasets/dronevehicle_twostream/images/train/ir_01266.jpg,/home/biiteam/Storage-4T/biiteam/MCONG/datasets/dronevehicle_twostream/image/train/ir_01266.png,640,512,640,512,0.16931086196206024,-0.359591736653158,0.3974574002928741,0.13289398374035954,0.25884284960599396,0.26117940762182285,ALIGNED,ok
/home/biiteam/Storage-4T/biiteam/MCONG/datasets/dronevehicle_twostream/images/train/ir_01356.jpg,/home/biiteam/Storage-4T/biiteam/MCONG/datasets/dronevehicle_twostream/image/train/ir_01356.png,640,512,640,512,0.8189678716960884,1.9035739967365828,2.0722698511347666,0.14644942292943597,0.38263740057349205,0.39389875148305015,ALIGNED,ok
/home/biiteam/Storage-4T/biiteam/MCONG/datasets/dronevehicle_twostream/images/train/ir_01447.jpg,/home/biiteam/Storage-4T/biiteam/MCONG/datasets/dronevehicle_twostream/image/train/ir_01447.png,640,512,640,512,-3.0384106444255394,-4.910096193920879,5.774165210462437,0.14695717673748732,0.21090423723252583,0.18023471376895694,ALIGNED,ok
/home/biiteam/Storage-4T/biiteam/MCONG/datasets/dronevehicle_twostream/images/train/ir_01537.jpg,/home/biiteam/Storage-4T/biiteam/MCONG/datasets/dronevehicle_twostream/image/train/ir_01537.png,640,512,640,512,1.7109311408304393,-10.797748603105731,10.93245902185483,0.14509796558413654,0.2815175660518965,0.21812306834242315,MISALIGNED,large_shift
/home/biiteam/Storage-4T/biiteam/MCONG/datasets/dronevehicle_twostream/images/train/ir_01628.jpg,/home/biiteam/Storage-4T/biiteam/MCONG/datasets/dronevehicle_twostream/image/train/ir_01628.png,640,512,640,512,2.1478631427581263,-3.5645224653050605,4.1616266634193995,0.1621280970983207,0.2829580197770731,0.2996684968001919,ALIGNED,ok
/home/biiteam/Storage-4T/biiteam/MCONG/datasets/dronevehicle_twostream/images/train/ir_01718.jpg,/home/biiteam/Storage-4T/biiteam/MCONG/datasets/dronevehicle_twostream/image/train/ir_01718.png,640,512,640,512,-61.74013402471263,60.574231467763695,86.49324636813958,0.008653261279687286,0.06035148192316956,0.003711761335549811,MISALIGNED,large_shift
/home/biiteam/Storage-4T/biiteam/MCONG/datasets/dronevehicle_twostream/images/train/ir_01808.jpg,/home/biiteam/Storage-4T/biiteam/MCONG/datasets/dronevehicle_twostream/image/train/ir_01808.png,640,512,640,512,0.3263405432669515,-0.42249734971289854,0.5338559362732537,0.14004987657535822,0.4927570133706058,0.5059355263849556,ALIGNED,ok
/home/biiteam/Storage-4T/biiteam/MCONG/datasets/dronevehicle_twostream/images/train/ir_01899.jpg,/home/biiteam/Storage-4T/biiteam/MCONG/datasets/dronevehicle_twostream/image/train/ir_01899.png,640,512,640,512,-28.379012518269235,64.24989351930469,70.2382884810989,0.004607711965218186,0.19349326616944926,0.001187539773198438,MISALIGNED,large_shift
/home/biiteam/Storage-4T/biiteam/MCONG/datasets/dronevehicle_twostream/images/train/ir_01989.jpg,/home/biiteam/Storage-4T/biiteam/MCONG/datasets/dronevehicle_twostream/image/train/ir_01989.png,640,512,640,512,-1.1422361922330992,-0.3031373568609297,1.1817765338556188,0.17751267044804991,0.12235449158684432,0.09972358897520003,ALIGNED,ok
/home/biiteam/Storage-4T/biiteam/MCONG/datasets/dronevehicle_twostream/images/train/ir_02080.jpg,/home/biiteam/Storage-4T/biiteam/MCONG/datasets/dronevehicle_twostream/image/train/ir_02080.png,640,512,640,512,1.1708378827486285,-3.438693845157161,3.632557874060788,0.2582712426315993,0.4559064690981008,0.3546417204617789,ALIGNED,ok
/home/biiteam/Storage-4T/biiteam/MCONG/datasets/dronevehicle_twostream/images/train/ir_02170.jpg,/home/biiteam/Storage-4T/biiteam/MCONG/datasets/dronevehicle_twostream/image/train/ir_02170.png,640,512,640,512,0.3798382904219011,0.0304871123794328,0.3810598258697296,0.46945083122700454,0.6130567722204947,0.5940992933869524,ALIGNED,ok
/home/biiteam/Storage-4T/biiteam/MCONG/datasets/dronevehicle_twostream/images/train/ir_02260.jpg,/home/biiteam/Storage-4T/biiteam/MCONG/datasets/dronevehicle_twostream/image/train/ir_02260.png,640,512,640,512,0.7124349163185002,-7.941663323924843,7.973555032766924,0.11568109047366307,0.2802337934930044,0.21891870589666412,ALIGNED,ok
/home/biiteam/Storage-4T/biiteam/MCONG/datasets/dronevehicle_twostream/images/train/ir_02351.jpg,/home/biiteam/Storage-4T/biiteam/MCONG/datasets/dronevehicle_twostream/image/train/ir_02351.png,640,512,640,512,1.0396094815816923,-4.2968315995415765,4.420808712103881,0.2162338115274906,0.3004503299530691,0.2177591445559206,ALIGNED,ok
/home/biiteam/Storage-4T/biiteam/MCONG/datasets/dronevehicle_twostream/images/train/ir_02441.jpg,/home/biiteam/Storage-4T/biiteam/MCONG/datasets/dronevehicle_twostream/image/train/ir_02441.png,640,512,640,512,0.8831246922163132,-2.822753707132506,2.9576760662946953,0.24687068518251182,0.4155407987503198,0.33294014467226096,ALIGNED,ok
/home/biiteam/Storage-4T/biiteam/MCONG/datasets/dronevehicle_twostream/images/train/ir_02532.jpg,/home/biiteam/Storage-4T/biiteam/MCONG/datasets/dronevehicle_twostream/image/train/ir_02532.png,640,512,640,512,-0.6110945524545741,0.4410110680202024,0.7536095236632668,0.2291725146351382,0.4362464766253316,0.4059832077613701,ALIGNED,ok
/home/biiteam/Storage-4T/biiteam/MCONG/datasets/dronevehicle_twostream/images/train/ir_02622.jpg,/home/biiteam/Storage-4T/biiteam/MCONG/datasets/dronevehicle_twostream/image/train/ir_02622.png,640,512,640,512,0.601317962339806,-0.25673955368000634,0.6538336870002227,0.40642574783414603,0.616547206100698,0.5991747996198795,ALIGNED,ok
/home/biiteam/Storage-4T/biiteam/MCONG/datasets/dronevehicle_twostream/images/train/ir_02712.jpg,/home/biiteam/Storage-4T/biiteam/MCONG/datasets/dronevehicle_twostream/image/train/ir_02712.png,640,512,640,512,48.537005579132824,-8.379637736500854,49.25504277922982,0.0077877241768874225,0.08486742232499064,0.005310894487316097,MISALIGNED,large_shift
/home/biiteam/Storage-4T/biiteam/MCONG/datasets/dronevehicle_twostream/images/train/ir_02803.jpg,/home/biiteam/Storage-4T/biiteam/MCONG/datasets/dronevehicle_twostream/image/train/ir_02803.png,640,512,640,512,-0.8773306433779453,-8.393839033106474,8.43956413397705,0.19821218270808458,0.11148288688295024,0.02956816253704653,MISALIGNED,large_shift
/home/biiteam/Storage-4T/biiteam/MCONG/datasets/dronevehicle_twostream/images/train/ir_02893.jpg,/home/biiteam/Storage-4T/biiteam/MCONG/datasets/dronevehicle_twostream/image/train/ir_02893.png,640,512,640,512,0.8446801503978918,-4.864327650317591,4.93712143319571,0.17916237460449339,0.5632218317340425,0.43162455656497933,ALIGNED,ok
/home/biiteam/Storage-4T/biiteam/MCONG/datasets/dronevehicle_twostream/images/train/ir_02984.jpg,/home/biiteam/Storage-4T/biiteam/MCONG/datasets/dronevehicle_twostream/image/train/ir_02984.png,640,512,640,512,0.3813045174341596,-2.624234590840956,2.651791907895847,0.29009455209597945,0.35431993733241385,0.2943878985436751,ALIGNED,ok
/home/biiteam/Storage-4T/biiteam/MCONG/datasets/dronevehicle_twostream/images/train/ir_03074.jpg,/home/biiteam/Storage-4T/biiteam/MCONG/datasets/dronevehicle_twostream/image/train/ir_03074.png,640,512,640,512,2.1863738273484046,0.27639549120408446,2.2037751655901876,0.12613495010882617,0.26363569018759364,0.26052925871207827,ALIGNED,ok
/home/biiteam/Storage-4T/biiteam/MCONG/datasets/dronevehicle_twostream/images/train/ir_03164.jpg,/home/biiteam/Storage-4T/biiteam/MCONG/datasets/dronevehicle_twostream/image/train/ir_03164.png,640,512,640,512,0.4945312619299784,-3.5273212204979245,3.561819220791676,0.3074586691102013,0.4012466748698849,0.33978167496984335,ALIGNED,ok
/home/biiteam/Storage-4T/biiteam/MCONG/datasets/dronevehicle_twostream/images/train/ir_03255.jpg,/home/biiteam/Storage-4T/biiteam/MCONG/datasets/dronevehicle_twostream/image/train/ir_03255.png,640,512,640,512,-1.1126968156266344,-1.0199314660868026,1.5094218757589366,0.3861809488851577,0.4329720462338688,0.27810845578146604,ALIGNED,ok
/home/biiteam/Storage-4T/biiteam/MCONG/datasets/dronevehicle_twostream/images/train/ir_03345.jpg,/home/biiteam/Storage-4T/biiteam/MCONG/datasets/dronevehicle_twostream/image/train/ir_03345.png,640,512,640,512,0.6681932605711722,-10.918700062645485,10.939126715213023,0.17056703796843067,0.1926078772196967,0.13724508882912564,MISALIGNED,large_shift
/home/biiteam/Storage-4T/biiteam/MCONG/datasets/dronevehicle_twostream/images/train/ir_03436.jpg,/home/biiteam/Storage-4T/biiteam/MCONG/datasets/dronevehicle_twostream/image/train/ir_03436.png,640,512,640,512,0.5006549090981594,-0.226815191151843,0.5496366699387271,0.45638089971616863,0.5506787095183963,0.5221805976755676,ALIGNED,ok
/home/biiteam/Storage-4T/biiteam/MCONG/datasets/dronevehicle_twostream/images/train/ir_03526.jpg,/home/biiteam/Storage-4T/biiteam/MCONG/datasets/dronevehicle_twostream/image/train/ir_03526.png,640,512,640,512,0.9910439706220586,0.11640026647989998,0.9978562891233024,0.2205658493563533,0.3006262190261759,0.23626969201193712,ALIGNED,ok
/home/biiteam/Storage-4T/biiteam/MCONG/datasets/dronevehicle_twostream/images/train/ir_03616.jpg,/home/biiteam/Storage-4T/biiteam/MCONG/datasets/dronevehicle_twostream/image/train/ir_03616.png,640,512,640,512,-0.03825096801011796,-1.030415412692264,1.0311251423893608,0.1592196160927415,0.3493781497225375,0.34146256823605337,ALIGNED,ok
/home/biiteam/Storage-4T/biiteam/MCONG/datasets/dronevehicle_twostream/images/train/ir_03707.jpg,/home/biiteam/Storage-4T/biiteam/MCONG/datasets/dronevehicle_twostream/image/train/ir_03707.png,640,512,640,512,0.007673573330578165,9.27761251254202,9.27761568597255,0.11654371151234955,0.3602624910098529,0.30934192923246245,MISALIGNED,large_shift
/home/biiteam/Storage-4T/biiteam/MCONG/datasets/dronevehicle_twostream/images/train/ir_03797.jpg,/home/biiteam/Storage-4T/biiteam/MCONG/datasets/dronevehicle_twostream/image/train/ir_03797.png,640,512,640,512,0.41379717990162135,-2.0001999908996595,2.042554310095458,0.1961527354666032,0.3248227950667852,0.29979059706840655,ALIGNED,ok
/home/biiteam/Storage-4T/biiteam/MCONG/datasets/dronevehicle_twostream/images/train/ir_03888.jpg,/home/biiteam/Storage-4T/biiteam/MCONG/datasets/dronevehicle_twostream/image/train/ir_03888.png,640,512,640,512,0.7525092413766856,-1.0561210060864141,1.2967890105388364,0.2721005139639601,0.4039479530721343,0.3534404806001883,ALIGNED,ok
/home/biiteam/Storage-4T/biiteam/MCONG/datasets/dronevehicle_twostream/images/train/ir_03978.jpg,/home/biiteam/Storage-4T/biiteam/MCONG/datasets/dronevehicle_twostream/image/train/ir_03978.png,640,512,640,512,3.133351654537819,-2.241453148961398,3.8525322594345464,0.22607470550574363,0.3383618246875062,0.1930681560478884,ALIGNED,ok
/home/biiteam/Storage-4T/biiteam/MCONG/datasets/dronevehicle_twostream/images/train/ir_04068.jpg,/home/biiteam/Storage-4T/biiteam/MCONG/datasets/dronevehicle_twostream/image/train/ir_04068.png,640,512,640,512,7.359158964671565,-1.569641905557262,7.524692444145959,0.1870825387071818,0.2001571556651254,0.1502445984424927,ALIGNED,ok
/home/biiteam/Storage-4T/biiteam/MCONG/datasets/dronevehicle_twostream/images/train/ir_04159.jpg,/home/biiteam/Storage-4T/biiteam/MCONG/datasets/dronevehicle_twostream/image/train/ir_04159.png,640,512,640,512,0.9155110385296439,-0.4902619465302678,1.0385168452583107,0.35425767842680217,0.46345061749890015,0.41863541405771754,ALIGNED,ok
/home/biiteam/Storage-4T/biiteam/MCONG/datasets/dronevehicle_twostream/images/train/ir_04249.jpg,/home/biiteam/Storage-4T/biiteam/MCONG/datasets/dronevehicle_twostream/image/train/ir_04249.png,640,512,640,512,156.16911668848914,-24.146677577812227,158.0248557832272,-0.013796011405065655,0.13098188788965184,-0.024814453375024418,MISALIGNED,large_shift
/home/biiteam/Storage-4T/biiteam/MCONG/datasets/dronevehicle_twostream/images/train/ir_04340.jpg,/home/biiteam/Storage-4T/biiteam/MCONG/datasets/dronevehicle_twostream/image/train/ir_04340.png,640,512,640,512,-0.4892081166630078,-1.3282196807235778,1.4154476682909933,0.06590525563806296,0.2886888985069512,0.2615905016138178,ALIGNED,ok
/home/biiteam/Storage-4T/biiteam/MCONG/datasets/dronevehicle_twostream/images/train/ir_04430.jpg,/home/biiteam/Storage-4T/biiteam/MCONG/datasets/dronevehicle_twostream/image/train/ir_04430.png,640,512,640,512,1.0727478970234756,-4.318573180775331,4.449815992631633,0.3340088984463364,0.4081302526906011,0.29908636883976064,ALIGNED,ok
/home/biiteam/Storage-4T/biiteam/MCONG/datasets/dronevehicle_twostream/images/train/ir_04520.jpg,/home/biiteam/Storage-4T/biiteam/MCONG/datasets/dronevehicle_twostream/image/train/ir_04520.png,640,512,640,512,0.41030333047234535,-0.4657661566533875,0.6207148585948032,0.24319872558116912,0.578646308784122,0.5557734885998955,ALIGNED,ok
/home/biiteam/Storage-4T/biiteam/MCONG/datasets/dronevehicle_twostream/images/train/ir_04611.jpg,/home/biiteam/Storage-4T/biiteam/MCONG/datasets/dronevehicle_twostream/image/train/ir_04611.png,640,512,640,512,-5.076388759399663,-1.555193748549982,5.309270235360806,0.27152349511161444,0.40105778110546936,0.3320437608135927,ALIGNED,ok
/home/biiteam/Storage-4T/biiteam/MCONG/datasets/dronevehicle_twostream/images/train/ir_04701.jpg,/home/biiteam/Storage-4T/biiteam/MCONG/datasets/dronevehicle_twostream/image/train/ir_04701.png,640,512,640,512,-3.831429890090021,-1.4243291793276853,4.087611602606039,0.25987534476444124,0.30293929269412234,0.2832667862058435,ALIGNED,ok
/home/biiteam/Storage-4T/biiteam/MCONG/datasets/dronevehicle_twostream/images/train/ir_04792.jpg,/home/biiteam/Storage-4T/biiteam/MCONG/datasets/dronevehicle_twostream/image/train/ir_04792.png,640,512,640,512,2.0843361613847264,7.077823102189512,7.378349212360687,0.1003231278154999,0.33076874112743937,0.3198883648449019,ALIGNED,ok
/home/biiteam/Storage-4T/biiteam/MCONG/datasets/dronevehicle_twostream/images/train/ir_04882.jpg,/home/biiteam/Storage-4T/biiteam/MCONG/datasets/dronevehicle_twostream/image/train/ir_04882.png,640,512,640,512,7.816577613761581,-0.43670312555661894,7.828767157849926,0.314625798817724,0.5198191706431452,0.44828207290435473,ALIGNED,ok
/home/biiteam/Storage-4T/biiteam/MCONG/datasets/dronevehicle_twostream/images/train/ir_04972.jpg,/home/biiteam/Storage-4T/biiteam/MCONG/datasets/dronevehicle_twostream/image/train/ir_04972.png,640,512,640,512,0.10155442049000385,1.8335544668832995,1.8363646923606325,0.1813772100955248,0.5092041252139424,0.5165880954740646,ALIGNED,ok
/home/biiteam/Storage-4T/biiteam/MCONG/datasets/dronevehicle_twostream/images/train/ir_05063.jpg,/home/biiteam/Storage-4T/biiteam/MCONG/datasets/dronevehicle_twostream/image/train/ir_05063.png,640,512,640,512,8.520604969856777,1.918816009896517,8.73398900458337,0.1463845031801611,0.24730711052347223,0.16135830055963063,MISALIGNED,large_shift
/home/biiteam/Storage-4T/biiteam/MCONG/datasets/dronevehicle_twostream/images/train/ir_05153.jpg,/home/biiteam/Storage-4T/biiteam/MCONG/datasets/dronevehicle_twostream/image/train/ir_05153.png,640,512,640,512,0.9762871947941676,-0.32834362217568014,1.0300224371063529,0.20672849295660853,0.28673230994340754,0.2688349716537015,ALIGNED,ok
/home/biiteam/Storage-4T/biiteam/MCONG/datasets/dronevehicle_twostream/images/train/ir_05244.jpg,/home/biiteam/Storage-4T/biiteam/MCONG/datasets/dronevehicle_twostream/image/train/ir_05244.png,640,512,640,512,0.3694335526146233,-0.3366623000998743,0.49982262264327276,0.19228593311272563,0.3953174134177981,0.375736474178047,ALIGNED,ok
/home/biiteam/Storage-4T/biiteam/MCONG/datasets/dronevehicle_twostream/images/train/ir_05334.jpg,/home/biiteam/Storage-4T/biiteam/MCONG/datasets/dronevehicle_twostream/image/train/ir_05334.png,640,512,640,512,0.8288659325681351,-2.905854923832635,3.0217563721343277,0.3076246599666774,0.36388303414025264,0.3168981342165814,ALIGNED,ok
/home/biiteam/Storage-4T/biiteam/MCONG/datasets/dronevehicle_twostream/images/train/ir_05424.jpg,/home/biiteam/Storage-4T/biiteam/MCONG/datasets/dronevehicle_twostream/image/train/ir_05424.png,640,512,640,512,0.02105154996075953,-2.9348076631378035,2.9348831641767488,0.1914376246277243,0.4815529253302266,0.4838023812732836,ALIGNED,ok
/home/biiteam/Storage-4T/biiteam/MCONG/datasets/dronevehicle_twostream/images/train/ir_05515.jpg,/home/biiteam/Storage-4T/biiteam/MCONG/datasets/dronevehicle_twostream/image/train/ir_05515.png,640,512,640,512,0.34023858722844125,0.1582821156301577,0.37525394650498245,0.2987637660466135,0.5749254363480011,0.5738013420096689,ALIGNED,ok
/home/biiteam/Storage-4T/biiteam/MCONG/datasets/dronevehicle_twostream/images/train/ir_05605.jpg,/home/biiteam/Storage-4T/biiteam/MCONG/datasets/dronevehicle_twostream/image/train/ir_05605.png,640,512,640,512,-0.6744936520102556,-0.32096067751774626,0.7469654899088595,0.19927613395266236,0.42911631608490214,0.42957919682082796,ALIGNED,ok
/home/biiteam/Storage-4T/biiteam/MCONG/datasets/dronevehicle_twostream/images/train/ir_05696.jpg,/home/biiteam/Storage-4T/biiteam/MCONG/datasets/dronevehicle_twostream/image/train/ir_05696.png,640,512,640,512,-3.114427323709265,-0.6686938915869973,3.1854056374836497,0.4690728818997741,0.4363071046973761,0.3827137968870611,ALIGNED,ok
/home/biiteam/Storage-4T/biiteam/MCONG/datasets/dronevehicle_twostream/images/train/ir_05786.jpg,/home/biiteam/Storage-4T/biiteam/MCONG/datasets/dronevehicle_twostream/image/train/ir_05786.png,640,512,640,512,-0.22510122826611223,-6.348842071089507,6.352831353546465,0.3507908341940492,0.25879090356414186,0.2011874240905558,ALIGNED,ok
/home/biiteam/Storage-4T/biiteam/MCONG/datasets/dronevehicle_twostream/images/train/ir_05876.jpg,/home/biiteam/Storage-4T/biiteam/MCONG/datasets/dronevehicle_twostream/image/train/ir_05876.png,640,512,640,512,2.371862836493108,0.05097606271112909,2.3724105618772358,0.4308586671948433,0.5308267023545463,0.48050110391272705,ALIGNED,ok
/home/biiteam/Storage-4T/biiteam/MCONG/datasets/dronevehicle_twostream/images/train/ir_05967.jpg,/home/biiteam/Storage-4T/biiteam/MCONG/datasets/dronevehicle_twostream/image/train/ir_05967.png,640,512,640,512,1.2736263782991841,-5.081551292837332,5.238729587718407,0.27159526622854174,0.39206355033577756,0.17062223855301112,ALIGNED,ok
/home/biiteam/Storage-4T/biiteam/MCONG/datasets/dronevehicle_twostream/images/train/ir_06057.jpg,/home/biiteam/Storage-4T/biiteam/MCONG/datasets/dronevehicle_twostream/image/train/ir_06057.png,640,512,640,512,0.6128054558087115,-0.07450507434975862,0.6173180159146383,0.26291365921497345,0.3736609006964582,0.34626577985473556,ALIGNED,ok
/home/biiteam/Storage-4T/biiteam/MCONG/datasets/dronevehicle_twostream/images/train/ir_06147.jpg,/home/biiteam/Storage-4T/biiteam/MCONG/datasets/dronevehicle_twostream/image/train/ir_06147.png,640,512,640,512,0.6312109106615367,-0.07501916322542002,0.6356532770223156,0.33032849298324435,0.47734075478409466,0.4629547941708246,ALIGNED,ok
/home/biiteam/Storage-4T/biiteam/MCONG/datasets/dronevehicle_twostream/images/train/ir_06238.jpg,/home/biiteam/Storage-4T/biiteam/MCONG/datasets/dronevehicle_twostream/image/train/ir_06238.png,640,512,640,512,1.094451043968661,-5.377896376655883,5.488131970506228,0.3592702954541892,0.5229798170293433,0.38975648542018826,ALIGNED,ok
/home/biiteam/Storage-4T/biiteam/MCONG/datasets/dronevehicle_twostream/images/train/ir_06328.jpg,/home/biiteam/Storage-4T/biiteam/MCONG/datasets/dronevehicle_twostream/image/train/ir_06328.png,640,512,640,512,0.9081624373730506,1.6729117818563282,1.9035211694460021,0.2541532526724041,0.3295066059217547,0.22417720525539125,ALIGNED,ok
/home/biiteam/Storage-4T/biiteam/MCONG/datasets/dronevehicle_twostream/images/train/ir_06419.jpg,/home/biiteam/Storage-4T/biiteam/MCONG/datasets/dronevehicle_twostream/image/train/ir_06419.png,640,512,640,512,0.5520444116646672,-0.35857508623234935,0.6582773920747433,0.3327321013435721,0.42831282730415904,0.41125906631191883,ALIGNED,ok
/home/biiteam/Storage-4T/biiteam/MCONG/datasets/dronevehicle_twostream/images/train/ir_06509.jpg,/home/biiteam/Storage-4T/biiteam/MCONG/datasets/dronevehicle_twostream/image/train/ir_06509.png,640,512,640,512,0.7499081336376321,-0.3248121830534956,0.8172301775851489,0.23099377006292343,0.4172148347463842,0.3780820352889557,ALIGNED,ok
/home/biiteam/Storage-4T/biiteam/MCONG/datasets/dronevehicle_twostream/images/train/ir_06599.jpg,/home/biiteam/Storage-4T/biiteam/MCONG/datasets/dronevehicle_twostream/image/train/ir_06599.png,640,512,640,512,0.4618608068230401,-0.8256694896899148,0.9460684494707738,0.3195568669354543,0.6061868836078007,0.5417300383917986,ALIGNED,ok
/home/biiteam/Storage-4T/biiteam/MCONG/datasets/dronevehicle_twostream/images/train/ir_06690.jpg,/home/biiteam/Storage-4T/biiteam/MCONG/datasets/dronevehicle_twostream/image/train/ir_06690.png,640,512,640,512,1.407829395769454,-1.6539741226170008,2.172006907419786,0.29155080728232863,0.4260417751525709,0.4002704157661002,ALIGNED,ok
/home/biiteam/Storage-4T/biiteam/MCONG/datasets/dronevehicle_twostream/images/train/ir_06780.jpg,/home/biiteam/Storage-4T/biiteam/MCONG/datasets/dronevehicle_twostream/image/train/ir_06780.png,640,512,640,512,0.7203932291003525,0.19150354665589475,0.7454126460662037,0.277433461137116,0.5170906446790996,0.48804084872291237,ALIGNED,ok
/home/biiteam/Storage-4T/biiteam/MCONG/datasets/dronevehicle_twostream/images/train/ir_06871.jpg,/home/biiteam/Storage-4T/biiteam/MCONG/datasets/dronevehicle_twostream/image/train/ir_06871.png,640,512,640,512,0.7416883190776957,-0.4132684636397812,0.8490538179028952,0.2736912654247135,0.5052480709438275,0.45054240243682425,ALIGNED,ok
/home/biiteam/Storage-4T/biiteam/MCONG/datasets/dronevehicle_twostream/images/train/ir_06961.jpg,/home/biiteam/Storage-4T/biiteam/MCONG/datasets/dronevehicle_twostream/image/train/ir_06961.png,640,512,640,512,-1.1601116022757196,-0.7990407439860405,1.4086607257549644,0.10778871792135761,0.4091920629169547,0.42973001831303864,ALIGNED,ok
/home/biiteam/Storage-4T/biiteam/MCONG/datasets/dronevehicle_twostream/images/train/ir_07051.jpg,/home/biiteam/Storage-4T/biiteam/MCONG/datasets/dronevehicle_twostream/image/train/ir_07051.png,640,512,640,512,0.8781614524818906,-0.32539453861824086,0.9365090188501559,0.42260491382330656,0.6341520635925602,0.5309564038836808,ALIGNED,ok
/home/biiteam/Storage-4T/biiteam/MCONG/datasets/dronevehicle_twostream/images/train/ir_07142.jpg,/home/biiteam/Storage-4T/biiteam/MCONG/datasets/dronevehicle_twostream/image/train/ir_07142.png,640,512,640,512,0.6190609391172188,-3.17527324933576,3.235057442192946,0.34766739022452386,0.5096523594403297,0.4417983110274438,ALIGNED,ok
/home/biiteam/Storage-4T/biiteam/MCONG/datasets/dronevehicle_twostream/images/train/ir_07232.jpg,/home/biiteam/Storage-4T/biiteam/MCONG/datasets/dronevehicle_twostream/image/train/ir_07232.png,640,512,640,512,0.25740066949515494,0.19913389839481965,0.32543726606901113,0.21535867173224688,0.41753742198024485,0.41674960424589697,ALIGNED,ok
/home/biiteam/Storage-4T/biiteam/MCONG/datasets/dronevehicle_twostream/images/train/ir_07323.jpg,/home/biiteam/Storage-4T/biiteam/MCONG/datasets/dronevehicle_twostream/image/train/ir_07323.png,640,512,640,512,0.7755582847269125,-3.433340626909853,3.5198463763917727,0.11160537186078727,0.5248729963181268,0.27304473349759745,ALIGNED,ok
/home/biiteam/Storage-4T/biiteam/MCONG/datasets/dronevehicle_twostream/images/train/ir_07413.jpg,/home/biiteam/Storage-4T/biiteam/MCONG/datasets/dronevehicle_twostream/image/train/ir_07413.png,640,512,640,512,-0.13653465145847576,-0.828272332371057,0.839450277038657,0.10598267931491137,0.29526824699376386,0.27292327646201847,ALIGNED,ok
/home/biiteam/Storage-4T/biiteam/MCONG/datasets/dronevehicle_twostream/images/train/ir_07503.jpg,/home/biiteam/Storage-4T/biiteam/MCONG/datasets/dronevehicle_twostream/image/train/ir_07503.png,640,512,640,512,0.7180458837498236,0.11975296366858856,0.7279633668512965,0.29380700753536076,0.5629316800167691,0.4746719077522114,ALIGNED,ok
/home/biiteam/Storage-4T/biiteam/MCONG/datasets/dronevehicle_twostream/images/train/ir_07594.jpg,/home/biiteam/Storage-4T/biiteam/MCONG/datasets/dronevehicle_twostream/image/train/ir_07594.png,640,512,640,512,-0.877013467777715,-2.1010754391047612,2.2767675822254585,0.0740977255627513,0.4843993377786797,0.4494996050147297,ALIGNED,ok
/home/biiteam/Storage-4T/biiteam/MCONG/datasets/dronevehicle_twostream/images/train/ir_07684.jpg,/home/biiteam/Storage-4T/biiteam/MCONG/datasets/dronevehicle_twostream/image/train/ir_07684.png,640,512,640,512,1.2165206415180023,-7.407273779550167,7.506505666183886,0.26507309833541515,0.320426734930544,0.02758472320818954,ALIGNED,ok
/home/biiteam/Storage-4T/biiteam/MCONG/datasets/dronevehicle_twostream/images/train/ir_07775.jpg,/home/biiteam/Storage-4T/biiteam/MCONG/datasets/dronevehicle_twostream/image/train/ir_07775.png,640,512,640,512,0.38248861591733885,-0.1577994438343353,0.4137610491343852,0.46190405134111645,0.5830947098640056,0.5744435763619041,ALIGNED,ok
/home/biiteam/Storage-4T/biiteam/MCONG/datasets/dronevehicle_twostream/images/train/ir_07865.jpg,/home/biiteam/Storage-4T/biiteam/MCONG/datasets/dronevehicle_twostream/image/train/ir_07865.png,640,512,640,512,-0.01500448789118991,0.3016769354820781,0.30204984366613197,0.3854147189296782,0.5763199755116777,0.5756576592604006,ALIGNED,ok
/home/biiteam/Storage-4T/biiteam/MCONG/datasets/dronevehicle_twostream/images/train/ir_07955.jpg,/home/biiteam/Storage-4T/biiteam/MCONG/datasets/dronevehicle_twostream/image/train/ir_07955.png,640,512,640,512,0.5096505578280244,-0.6631399407570484,0.8363601330298318,0.38999249674379827,0.5338478682717652,0.48813598486761806,ALIGNED,ok
/home/biiteam/Storage-4T/biiteam/MCONG/datasets/dronevehicle_twostream/images/train/ir_08046.jpg,/home/biiteam/Storage-4T/biiteam/MCONG/datasets/dronevehicle_twostream/image/train/ir_08046.png,640,512,640,512,-6.379793282513617,-0.4936832500268906,6.398865952570267,0.2616418146528304,0.46856520471587887,0.3684507110788779,ALIGNED,ok
/home/biiteam/Storage-4T/biiteam/MCONG/datasets/dronevehicle_twostream/images/train/ir_08136.jpg,/home/biiteam/Storage-4T/biiteam/MCONG/datasets/dronevehicle_twostream/image/train/ir_08136.png,640,512,640,512,-0.07089833191133721,-0.1702882517727744,0.18445775169300405,0.24736506938934327,0.30266639368272896,0.30467020376036835,ALIGNED,ok
/home/biiteam/Storage-4T/biiteam/MCONG/datasets/dronevehicle_twostream/images/train/ir_08227.jpg,/home/biiteam/Storage-4T/biiteam/MCONG/datasets/dronevehicle_twostream/image/train/ir_08227.png,640,512,640,512,0.6887716481657549,-1.8472826877700754,1.9715120369533645,0.4426263028755784,0.5128654222572043,0.47414099673794957,ALIGNED,ok
/home/biiteam/Storage-4T/biiteam/MCONG/datasets/dronevehicle_twostream/images/train/ir_08317.jpg,/home/biiteam/Storage-4T/biiteam/MCONG/datasets/dronevehicle_twostream/image/train/ir_08317.png,640,512,640,512,4.226057576944811,0.8112337137997088,4.303215400378874,0.20302086002193392,0.481804551533018,0.4431259629854886,ALIGNED,ok
/home/biiteam/Storage-4T/biiteam/MCONG/datasets/dronevehicle_twostream/images/train/ir_08407.jpg,/home/biiteam/Storage-4T/biiteam/MCONG/datasets/dronevehicle_twostream/image/train/ir_08407.png,640,512,640,512,8.492729602734869,-3.7799595026150996,9.295942660461032,0.27175250118598343,0.2437566199463469,0.10745507936029654,MISALIGNED,large_shift
/home/biiteam/Storage-4T/biiteam/MCONG/datasets/dronevehicle_twostream/images/train/ir_08498.jpg,/home/biiteam/Storage-4T/biiteam/MCONG/datasets/dronevehicle_twostream/image/train/ir_08498.png,640,512,640,512,1.7079380659701542,-0.0017958465886636077,1.7079390101097989,0.06970507772639394,0.0815645392851895,0.06842506539510283,ALIGNED,ok
/home/biiteam/Storage-4T/biiteam/MCONG/datasets/dronevehicle_twostream/images/train/ir_08588.jpg,/home/biiteam/Storage-4T/biiteam/MCONG/datasets/dronevehicle_twostream/image/train/ir_08588.png,640,512,640,512,0.48187562887449076,-0.8159369814666206,0.9476060781928567,0.2083753976970911,0.276920842637448,0.20792347080624832,ALIGNED,ok
/home/biiteam/Storage-4T/biiteam/MCONG/datasets/dronevehicle_twostream/images/train/ir_08679.jpg,/home/biiteam/Storage-4T/biiteam/MCONG/datasets/dronevehicle_twostream/image/train/ir_08679.png,640,512,640,512,0.16718771840737645,2.133335733229586,2.1398768852110344,0.3565205179154873,0.40466814418729163,0.37333103411968693,ALIGNED,ok
/home/biiteam/Storage-4T/biiteam/MCONG/datasets/dronevehicle_twostream/images/train/ir_08769.jpg,/home/biiteam/Storage-4T/biiteam/MCONG/datasets/dronevehicle_twostream/image/train/ir_08769.png,640,512,640,512,0.12742759882326027,0.16766213435508348,0.2105905606582684,0.35997666087932884,0.6347505149184713,0.6172819016792256,ALIGNED,ok
/home/biiteam/Storage-4T/biiteam/MCONG/datasets/dronevehicle_twostream/images/train/ir_08859.jpg,/home/biiteam/Storage-4T/biiteam/MCONG/datasets/dronevehicle_twostream/image/train/ir_08859.png,640,512,640,512,0.29536337713932426,0.5986247204603501,0.6675260897533362,0.3965344881638885,0.5564254472779774,0.5349478905211216,ALIGNED,ok
/home/biiteam/Storage-4T/biiteam/MCONG/datasets/dronevehicle_twostream/images/train/ir_08950.jpg,/home/biiteam/Storage-4T/biiteam/MCONG/datasets/dronevehicle_twostream/image/train/ir_08950.png,640,512,640,512,-8.070967548935698,1.3409924219363916,8.181612179250735,0.19217986636795104,0.13087297191554217,-0.006811379546637243,MISALIGNED,large_shift
/home/biiteam/Storage-4T/biiteam/MCONG/datasets/dronevehicle_twostream/images/train/ir_09040.jpg,/home/biiteam/Storage-4T/biiteam/MCONG/datasets/dronevehicle_twostream/image/train/ir_09040.png,640,512,640,512,6.245823144501287,-1.834762422949268,6.509735778129141,0.2142940633930266,0.2947007285042739,0.24326419603917399,ALIGNED,ok
/home/biiteam/Storage-4T/biiteam/MCONG/datasets/dronevehicle_twostream/images/train/ir_09131.jpg,/home/biiteam/Storage-4T/biiteam/MCONG/datasets/dronevehicle_twostream/image/train/ir_09131.png,640,512,640,512,0.06227352611074366,-1.529957654152156,1.5312244824169428,0.2624971226323396,0.5184025099058922,0.4462294715938468,ALIGNED,ok
/home/biiteam/Storage-4T/biiteam/MCONG/datasets/dronevehicle_twostream/images/train/ir_09221.jpg,/home/biiteam/Storage-4T/biiteam/MCONG/datasets/dronevehicle_twostream/image/train/ir_09221.png,640,512,640,512,2.208091586549415,0.5727995766985998,2.281176847518931,0.327599874837324,0.3617880572354986,0.3201041190990014,ALIGNED,ok
/home/biiteam/Storage-4T/biiteam/MCONG/datasets/dronevehicle_twostream/images/train/ir_09311.jpg,/home/biiteam/Storage-4T/biiteam/MCONG/datasets/dronevehicle_twostream/image/train/ir_09311.png,640,512,640,512,-1.9465919119683122,-0.2240185458916244,1.9594398129679431,0.1996768473647535,0.4636892398569838,0.44820967799430245,ALIGNED,ok
/home/biiteam/Storage-4T/biiteam/MCONG/datasets/dronevehicle_twostream/images/train/ir_09402.jpg,/home/biiteam/Storage-4T/biiteam/MCONG/datasets/dronevehicle_twostream/image/train/ir_09402.png,640,512,640,512,0.4683254816181943,-0.10579438171987476,0.48012624166608947,0.3638259842060506,0.4600705161218842,0.4388566817470847,ALIGNED,ok
/home/biiteam/Storage-4T/biiteam/MCONG/datasets/dronevehicle_twostream/images/train/ir_09492.jpg,/home/biiteam/Storage-4T/biiteam/MCONG/datasets/dronevehicle_twostream/image/train/ir_09492.png,640,512,640,512,0.7842304622728307,-0.06274013665546363,0.7867361328324789,0.33257449278607965,0.3712889470636347,0.3088382089209417,ALIGNED,ok
/home/biiteam/Storage-4T/biiteam/MCONG/datasets/dronevehicle_twostream/images/train/ir_09583.jpg,/home/biiteam/Storage-4T/biiteam/MCONG/datasets/dronevehicle_twostream/image/train/ir_09583.png,640,512,640,512,-4.892011633688526,-0.14221925037884375,4.894078477029378,0.2493553669191897,0.4309307235638294,0.3723077280348751,ALIGNED,ok
/home/biiteam/Storage-4T/biiteam/MCONG/datasets/dronevehicle_twostream/images/train/ir_09673.jpg,/home/biiteam/Storage-4T/biiteam/MCONG/datasets/dronevehicle_twostream/image/train/ir_09673.png,640,512,640,512,8.261899525324111,-5.8089635824354104,10.09965552227459,0.387190785817802,0.1347934476312976,-0.02393789877293455,MISALIGNED,large_shift
/home/biiteam/Storage-4T/biiteam/MCONG/datasets/dronevehicle_twostream/images/train/ir_09763.jpg,/home/biiteam/Storage-4T/biiteam/MCONG/datasets/dronevehicle_twostream/image/train/ir_09763.png,640,512,640,512,-0.10638680223303254,-1.8919777188173725,1.894966448302122,0.16553297345526516,0.2641336428284809,0.21654086002270317,ALIGNED,ok
/home/biiteam/Storage-4T/biiteam/MCONG/datasets/dronevehicle_twostream/images/train/ir_09854.jpg,/home/biiteam/Storage-4T/biiteam/MCONG/datasets/dronevehicle_twostream/image/train/ir_09854.png,640,512,640,512,-0.658192906672241,0.6774604860726186,0.9445478349895265,0.1617443230934441,0.26792326066211525,0.24416412443846322,ALIGNED,ok
/home/biiteam/Storage-4T/biiteam/MCONG/datasets/dronevehicle_twostream/images/train/ir_09944.jpg,/home/biiteam/Storage-4T/biiteam/MCONG/datasets/dronevehicle_twostream/image/train/ir_09944.png,640,512,640,512,0.15499077550384754,-1.5155894640119527,1.5234938673704344,0.36914645601063967,0.47332780639457817,0.39385495047305,ALIGNED,ok
/home/biiteam/Storage-4T/biiteam/MCONG/datasets/dronevehicle_twostream/images/train/ir_10035.jpg,/home/biiteam/Storage-4T/biiteam/MCONG/datasets/dronevehicle_twostream/image/train/ir_10035.png,640,512,640,512,-9.93453698230229,-5.424615686800166,11.319075951782034,0.5689457331784069,0.19203929926084684,0.11823084587258413,MISALIGNED,large_shift
/home/biiteam/Storage-4T/biiteam/MCONG/datasets/dronevehicle_twostream/images/train/ir_10125.jpg,/home/biiteam/Storage-4T/biiteam/MCONG/datasets/dronevehicle_twostream/image/train/ir_10125.png,640,512,640,512,-0.20385610239821972,-0.28233637051664573,0.3482400559980229,0.2786748427897692,0.5635621057081567,0.5566019791908183,ALIGNED,ok
/home/biiteam/Storage-4T/biiteam/MCONG/datasets/dronevehicle_twostream/images/train/ir_10215.jpg,/home/biiteam/Storage-4T/biiteam/MCONG/datasets/dronevehicle_twostream/image/train/ir_10215.png,640,512,640,512,0.21304792011221707,-2.9132938246238496,2.921073488438043,0.3283682405948639,0.41539705299073254,0.3060688010562357,ALIGNED,ok
/home/biiteam/Storage-4T/biiteam/MCONG/datasets/dronevehicle_twostream/images/train/ir_10306.jpg,/home/biiteam/Storage-4T/biiteam/MCONG/datasets/dronevehicle_twostream/image/train/ir_10306.png,640,512,640,512,77.50646669614451,-54.192122363082206,94.57292691852057,0.009474281111033633,0.055601860839460636,0.018418035676106715,MISALIGNED,large_shift
/home/biiteam/Storage-4T/biiteam/MCONG/datasets/dronevehicle_twostream/images/train/ir_10396.jpg,/home/biiteam/Storage-4T/biiteam/MCONG/datasets/dronevehicle_twostream/image/train/ir_10396.png,640,512,640,512,1.3241139691869535,-0.6172308509734421,1.460907843359542,0.044219508022069934,0.09641789396124059,0.0926043226502313,ALIGNED,ok
/home/biiteam/Storage-4T/biiteam/MCONG/datasets/dronevehicle_twostream/images/train/ir_10487.jpg,/home/biiteam/Storage-4T/biiteam/MCONG/datasets/dronevehicle_twostream/image/train/ir_10487.png,640,512,640,512,0.26754674378975096,-1.0276084489105983,1.061866462595436,0.20773670431226493,0.55149206466302,0.5341617935697551,ALIGNED,ok
/home/biiteam/Storage-4T/biiteam/MCONG/datasets/dronevehicle_twostream/images/train/ir_10577.jpg,/home/biiteam/Storage-4T/biiteam/MCONG/datasets/dronevehicle_twostream/image/train/ir_10577.png,640,512,640,512,1.3879217290099746,-11.022824201779997,11.109859589986044,0.08728509752545506,0.29798789817953547,0.2613361008299381,MISALIGNED,large_shift
/home/biiteam/Storage-4T/biiteam/MCONG/datasets/dronevehicle_twostream/images/train/ir_10667.jpg,/home/biiteam/Storage-4T/biiteam/MCONG/datasets/dronevehicle_twostream/image/train/ir_10667.png,640,512,640,512,21.4873212763751,-7.583688207357568,22.786340260352826,0.0034052907954901456,0.06704142440863774,0.025817797309287422,MISALIGNED,large_shift
/home/biiteam/Storage-4T/biiteam/MCONG/datasets/dronevehicle_twostream/images/train/ir_10758.jpg,/home/biiteam/Storage-4T/biiteam/MCONG/datasets/dronevehicle_twostream/image/train/ir_10758.png,640,512,640,512,-104.84783919221263,63.32193083344302,122.48565755937068,0.02315376573242247,0.10230926588679613,-0.01877675166222943,MISALIGNED,large_shift
/home/biiteam/Storage-4T/biiteam/MCONG/datasets/dronevehicle_twostream/images/train/ir_10848.jpg,/home/biiteam/Storage-4T/biiteam/MCONG/datasets/dronevehicle_twostream/image/train/ir_10848.png,640,512,640,512,-1.6859213912406403,0.46603975607484927,1.7491495052410704,0.1380514451302588,0.2431703272911071,0.20239475075105517,ALIGNED,ok
/home/biiteam/Storage-4T/biiteam/MCONG/datasets/dronevehicle_twostream/images/train/ir_10939.jpg,/home/biiteam/Storage-4T/biiteam/MCONG/datasets/dronevehicle_twostream/image/train/ir_10939.png,640,512,640,512,27.56692986441618,59.229590181740775,65.33054396870276,0.006409182690549642,-0.004605986520369479,0.008654141209143538,MISALIGNED,"low_confidence,large_shift"
/home/biiteam/Storage-4T/biiteam/MCONG/datasets/dronevehicle_twostream/images/train/ir_11029.jpg,/home/biiteam/Storage-4T/biiteam/MCONG/datasets/dronevehicle_twostream/image/train/ir_11029.png,640,512,640,512,5.180706462744581,-3.813417170031755,6.432874160576785,0.5567965985275805,0.3132682697431095,0.15725944816969858,ALIGNED,ok
/home/biiteam/Storage-4T/biiteam/MCONG/datasets/dronevehicle_twostream/images/train/ir_11119.jpg,/home/biiteam/Storage-4T/biiteam/MCONG/datasets/dronevehicle_twostream/image/train/ir_11119.png,640,512,640,512,0.37341489001619266,0.5547587136489938,0.6687270821907031,0.08529629558324814,0.2972024663818924,0.3192782190124326,ALIGNED,ok
/home/biiteam/Storage-4T/biiteam/MCONG/datasets/dronevehicle_twostream/images/train/ir_11210.jpg,/home/biiteam/Storage-4T/biiteam/MCONG/datasets/dronevehicle_twostream/image/train/ir_11210.png,640,512,640,512,0.7604335231742425,-7.776928669008726,7.814018087131424,0.22163705499842762,0.38136927908574797,0.3100703891760311,ALIGNED,ok
/home/biiteam/Storage-4T/biiteam/MCONG/datasets/dronevehicle_twostream/images/train/ir_11300.jpg,/home/biiteam/Storage-4T/biiteam/MCONG/datasets/dronevehicle_twostream/image/train/ir_11300.png,640,512,640,512,-0.006633183171118162,0.33476114793651846,0.33482685866990597,0.18572707334533334,0.3977255587945562,0.40574936304149195,ALIGNED,ok
/home/biiteam/Storage-4T/biiteam/MCONG/datasets/dronevehicle_twostream/images/train/ir_11391.jpg,/home/biiteam/Storage-4T/biiteam/MCONG/datasets/dronevehicle_twostream/image/train/ir_11391.png,640,512,640,512,-2.485168760565955,-3.0293426276297737,3.9182879582883885,0.1049946031998843,0.27092091372007154,0.21748061094797902,ALIGNED,ok
/home/biiteam/Storage-4T/biiteam/MCONG/datasets/dronevehicle_twostream/images/train/ir_11481.jpg,/home/biiteam/Storage-4T/biiteam/MCONG/datasets/dronevehicle_twostream/image/train/ir_11481.png,640,512,640,512,0.241215437538699,-0.04045492973733644,0.24458431807260014,0.17149502895772456,0.23932195118477936,0.24256691113918827,ALIGNED,ok
/home/biiteam/Storage-4T/biiteam/MCONG/datasets/dronevehicle_twostream/images/train/ir_11571.jpg,/home/biiteam/Storage-4T/biiteam/MCONG/datasets/dronevehicle_twostream/image/train/ir_11571.png,640,512,640,512,-0.16931439639267865,0.9319803382266514,0.9472353011089064,0.06833142573013902,0.18465182919993692,0.17927323624631034,ALIGNED,ok
/home/biiteam/Storage-4T/biiteam/MCONG/datasets/dronevehicle_twostream/images/train/ir_11662.jpg,/home/biiteam/Storage-4T/biiteam/MCONG/datasets/dronevehicle_twostream/image/train/ir_11662.png,640,512,640,512,3.1730095956464766,-0.46190548824904454,3.2064538939674785,0.3550499970093369,0.42741126605095525,0.3476745764468872,ALIGNED,ok
/home/biiteam/Storage-4T/biiteam/MCONG/datasets/dronevehicle_twostream/images/train/ir_11752.jpg,/home/biiteam/Storage-4T/biiteam/MCONG/datasets/dronevehicle_twostream/image/train/ir_11752.png,640,512,640,512,-0.19025283283707495,39.51845073804125,39.5189087004613,0.008359311369713397,0.029526528210204583,0.006752363802287344,MISALIGNED,"low_confidence,large_shift"
/home/biiteam/Storage-4T/biiteam/MCONG/datasets/dronevehicle_twostream/images/train/ir_11843.jpg,/home/biiteam/Storage-4T/biiteam/MCONG/datasets/dronevehicle_twostream/image/train/ir_11843.png,640,512,640,512,-1.4401120898595536,-0.6157914626772936,1.5662445392932394,0.5164046488702297,0.5457217387391284,0.4611984091994219,ALIGNED,ok
/home/biiteam/Storage-4T/biiteam/MCONG/datasets/dronevehicle_twostream/images/train/ir_11933.jpg,/home/biiteam/Storage-4T/biiteam/MCONG/datasets/dronevehicle_twostream/image/train/ir_11933.png,640,512,640,512,-50.1981941693511,28.928113438842672,57.93698684773334,0.0012589041609317065,0.012324798749959223,-0.003616155681539483,MISALIGNED,"low_confidence,large_shift"
/home/biiteam/Storage-4T/biiteam/MCONG/datasets/dronevehicle_twostream/images/train/ir_12023.jpg,/home/biiteam/Storage-4T/biiteam/MCONG/datasets/dronevehicle_twostream/image/train/ir_12023.png,640,512,640,512,0.03014443135413103,0.6940417846982143,0.694696110287618,0.13729611090384425,0.26776408983620387,0.26290702191179466,ALIGNED,ok
/home/biiteam/Storage-4T/biiteam/MCONG/datasets/dronevehicle_twostream/images/train/ir_12114.jpg,/home/biiteam/Storage-4T/biiteam/MCONG/datasets/dronevehicle_twostream/image/train/ir_12114.png,640,512,640,512,0.7410865550392032,1.4929455797848163,1.6667620664806646,0.17828072234988213,0.22272743468847453,0.1733538413341851,ALIGNED,ok
/home/biiteam/Storage-4T/biiteam/MCONG/datasets/dronevehicle_twostream/images/train/ir_12204.jpg,/home/biiteam/Storage-4T/biiteam/MCONG/datasets/dronevehicle_twostream/image/train/ir_12204.png,640,512,640,512,-3.124806377218931,0.2827026743223655,3.1375684370507555,0.2684533815365285,0.6218162209117409,0.6028842090989849,ALIGNED,ok
/home/biiteam/Storage-4T/biiteam/MCONG/datasets/dronevehicle_twostream/images/train/ir_12294.jpg,/home/biiteam/Storage-4T/biiteam/MCONG/datasets/dronevehicle_twostream/image/train/ir_12294.png,640,512,640,512,0.8102440438533449,-0.42257612150416435,0.913819451021548,0.08154526685830206,-0.056414812464817915,-0.0823001185439738,ALIGNED,ok
/home/biiteam/Storage-4T/biiteam/MCONG/datasets/dronevehicle_twostream/images/train/ir_12385.jpg,/home/biiteam/Storage-4T/biiteam/MCONG/datasets/dronevehicle_twostream/image/train/ir_12385.png,640,512,640,512,0.8968161384720474,-0.22320769644375105,0.9241757743933999,0.10608823373913764,0.2575100740821903,0.2551583924691728,ALIGNED,ok
/home/biiteam/Storage-4T/biiteam/MCONG/datasets/dronevehicle_twostream/images/train/ir_12475.jpg,/home/biiteam/Storage-4T/biiteam/MCONG/datasets/dronevehicle_twostream/image/train/ir_12475.png,640,512,640,512,-0.9325433686838664,-1.3535652455319678,1.6437080058174172,0.26026497697457673,0.46698546698572924,0.41423736049606386,ALIGNED,ok
/home/biiteam/Storage-4T/biiteam/MCONG/datasets/dronevehicle_twostream/images/train/ir_12566.jpg,/home/biiteam/Storage-4T/biiteam/MCONG/datasets/dronevehicle_twostream/image/train/ir_12566.png,640,512,640,512,-0.10369926093085269,-0.40837843698579945,0.42133891882019353,0.22873868411406875,0.37450593503788926,0.3727471213239547,ALIGNED,ok
/home/biiteam/Storage-4T/biiteam/MCONG/datasets/dronevehicle_twostream/images/train/ir_12656.jpg,/home/biiteam/Storage-4T/biiteam/MCONG/datasets/dronevehicle_twostream/image/train/ir_12656.png,640,512,640,512,-9.254776328248965,5.909533421635615,10.980595163621402,0.03401591079309583,0.0625169669694975,0.05754859660042648,MISALIGNED,large_shift
/home/biiteam/Storage-4T/biiteam/MCONG/datasets/dronevehicle_twostream/images/train/ir_12746.jpg,/home/biiteam/Storage-4T/biiteam/MCONG/datasets/dronevehicle_twostream/image/train/ir_12746.png,640,512,640,512,-3.050589172608568,0.21691839650949873,3.058291662150763,0.06020448510535061,0.09177218093708425,0.053296513445743134,ALIGNED,ok
/home/biiteam/Storage-4T/biiteam/MCONG/datasets/dronevehicle_twostream/images/train/ir_12837.jpg,/home/biiteam/Storage-4T/biiteam/MCONG/datasets/dronevehicle_twostream/image/train/ir_12837.png,640,512,640,512,76.57106640059985,-139.8869403344841,159.472518904884,-0.002068533608689904,0.017639187207666558,0.0010475141892249396,MISALIGNED,"low_confidence,large_shift"
/home/biiteam/Storage-4T/biiteam/MCONG/datasets/dronevehicle_twostream/images/train/ir_12927.jpg,/home/biiteam/Storage-4T/biiteam/MCONG/datasets/dronevehicle_twostream/image/train/ir_12927.png,640,512,640,512,-4.4180350784737925,1.2613037230466375,4.59455340989701,0.11129581360146404,0.19112655022761454,0.06840407765442227,ALIGNED,ok
/home/biiteam/Storage-4T/biiteam/MCONG/datasets/dronevehicle_twostream/images/train/ir_13018.jpg,/home/biiteam/Storage-4T/biiteam/MCONG/datasets/dronevehicle_twostream/image/train/ir_13018.png,640,512,640,512,0.9029271075884822,-1.8540386434100924,2.0622164418111013,0.12138495305553079,0.31064332813451395,0.2896104489230877,ALIGNED,ok
/home/biiteam/Storage-4T/biiteam/MCONG/datasets/dronevehicle_twostream/images/train/ir_13108.jpg,/home/biiteam/Storage-4T/biiteam/MCONG/datasets/dronevehicle_twostream/image/train/ir_13108.png,640,512,640,512,0.2802103092374182,-0.4314397749540717,0.514449314136339,0.10714808313641697,0.23793426731414347,0.2318096111816954,ALIGNED,ok
/home/biiteam/Storage-4T/biiteam/MCONG/datasets/dronevehicle_twostream/images/train/ir_13198.jpg,/home/biiteam/Storage-4T/biiteam/MCONG/datasets/dronevehicle_twostream/image/train/ir_13198.png,640,512,640,512,11.022778101750248,-0.10093092100396461,11.023240182960704,0.32649944107979534,0.21294509425349734,0.10408030160380327,MISALIGNED,large_shift
/home/biiteam/Storage-4T/biiteam/MCONG/datasets/dronevehicle_twostream/images/train/ir_13289.jpg,/home/biiteam/Storage-4T/biiteam/MCONG/datasets/dronevehicle_twostream/image/train/ir_13289.png,640,512,640,512,-4.2863998402402785,-1.005216853825118,4.402690599352395,0.07527169948443771,0.13631129557702923,0.08144318010182902,ALIGNED,ok
/home/biiteam/Storage-4T/biiteam/MCONG/datasets/dronevehicle_twostream/images/train/ir_13379.jpg,/home/biiteam/Storage-4T/biiteam/MCONG/datasets/dronevehicle_twostream/image/train/ir_13379.png,640,512,640,512,4.276529648654048,33.15574845371029,33.430410726784814,0.013967226969543844,0.021868013383932912,0.01638099802699566,MISALIGNED,"low_confidence,large_shift"
/home/biiteam/Storage-4T/biiteam/MCONG/datasets/dronevehicle_twostream/images/train/ir_13470.jpg,/home/biiteam/Storage-4T/biiteam/MCONG/datasets/dronevehicle_twostream/image/train/ir_13470.png,640,512,640,512,2.8374992194050037,-14.52171898533112,14.79634157854739,0.48401107881218197,0.44296093747132287,0.3112338568627977,MISALIGNED,large_shift
/home/biiteam/Storage-4T/biiteam/MCONG/datasets/dronevehicle_twostream/images/train/ir_13560.jpg,/home/biiteam/Storage-4T/biiteam/MCONG/datasets/dronevehicle_twostream/image/train/ir_13560.png,640,512,640,512,6.256240413985324,1.5314612019610934,6.440956259026712,0.2196654699044302,0.3215246936592611,0.23193535526224024,ALIGNED,ok
/home/biiteam/Storage-4T/biiteam/MCONG/datasets/dronevehicle_twostream/images/train/ir_13650.jpg,/home/biiteam/Storage-4T/biiteam/MCONG/datasets/dronevehicle_twostream/image/train/ir_13650.png,640,512,640,512,-6.623912653442574,-9.004047503472634,11.178062903975286,0.21437561549246312,0.2968506309540256,0.26595102260308656,MISALIGNED,large_shift
/home/biiteam/Storage-4T/biiteam/MCONG/datasets/dronevehicle_twostream/images/train/ir_13741.jpg,/home/biiteam/Storage-4T/biiteam/MCONG/datasets/dronevehicle_twostream/image/train/ir_13741.png,640,512,640,512,0.9314405703509578,-2.826135071459248,2.975671517191991,0.20687583261169493,0.4136422526397648,0.321278538971314,ALIGNED,ok
/home/biiteam/Storage-4T/biiteam/MCONG/datasets/dronevehicle_twostream/images/train/ir_13831.jpg,/home/biiteam/Storage-4T/biiteam/MCONG/datasets/dronevehicle_twostream/image/train/ir_13831.png,640,512,640,512,0.6839076855142139,-1.0384069765897834,1.2433900318627875,0.12550401012413204,0.5157443614439585,0.4559157121063911,ALIGNED,ok
/home/biiteam/Storage-4T/biiteam/MCONG/datasets/dronevehicle_twostream/images/train/ir_13922.jpg,/home/biiteam/Storage-4T/biiteam/MCONG/datasets/dronevehicle_twostream/image/train/ir_13922.png,640,512,640,512,-0.34046649737450707,-0.6624513143715944,0.7448215757798095,0.11964225529227406,0.15230580375263542,0.15723031291778172,ALIGNED,ok
/home/biiteam/Storage-4T/biiteam/MCONG/datasets/dronevehicle_twostream/images/train/ir_14012.jpg,/home/biiteam/Storage-4T/biiteam/MCONG/datasets/dronevehicle_twostream/image/train/ir_14012.png,640,512,640,512,130.3150092245898,70.90264079373168,148.35493284933222,0.016255279956385493,0.017468840758625866,-0.017329818929686627,MISALIGNED,"low_confidence,large_shift"
/home/biiteam/Storage-4T/biiteam/MCONG/datasets/dronevehicle_twostream/images/train/ir_14102.jpg,/home/biiteam/Storage-4T/biiteam/MCONG/datasets/dronevehicle_twostream/image/train/ir_14102.png,640,512,640,512,-0.2586581968398036,-0.9290772712632247,0.9644110320658604,0.06080471004825085,0.07450545387894046,0.06238425981061534,ALIGNED,ok
/home/biiteam/Storage-4T/biiteam/MCONG/datasets/dronevehicle_twostream/images/train/ir_14193.jpg,/home/biiteam/Storage-4T/biiteam/MCONG/datasets/dronevehicle_twostream/image/train/ir_14193.png,640,512,640,512,94.78082747554802,65.69492867214888,115.32228279993562,0.008063550340011716,0.12847796021051502,0.02080028628758273,MISALIGNED,large_shift
/home/biiteam/Storage-4T/biiteam/MCONG/datasets/dronevehicle_twostream/images/train/ir_14283.jpg,/home/biiteam/Storage-4T/biiteam/MCONG/datasets/dronevehicle_twostream/image/train/ir_14283.png,640,512,640,512,11.858230009226531,-1.38094559711368,11.93836796609605,0.06956647681072355,0.065253168110029,0.08507225817391618,MISALIGNED,large_shift
/home/biiteam/Storage-4T/biiteam/MCONG/datasets/dronevehicle_twostream/images/train/ir_14374.jpg,/home/biiteam/Storage-4T/biiteam/MCONG/datasets/dronevehicle_twostream/image/train/ir_14374.png,640,512,640,512,1.2601345506310508,-1.0042631720848476,1.6113607927773472,0.3026502734050155,0.4650083227330905,0.44186398528570353,ALIGNED,ok
/home/biiteam/Storage-4T/biiteam/MCONG/datasets/dronevehicle_twostream/images/train/ir_14464.jpg,/home/biiteam/Storage-4T/biiteam/MCONG/datasets/dronevehicle_twostream/image/train/ir_14464.png,640,512,640,512,0.15491243842905078,0.7884927579991086,0.8035662343559958,0.0514777269680053,0.3123375862455601,0.31641763476553714,ALIGNED,ok
/home/biiteam/Storage-4T/biiteam/MCONG/datasets/dronevehicle_twostream/images/train/ir_14554.jpg,/home/biiteam/Storage-4T/biiteam/MCONG/datasets/dronevehicle_twostream/image/train/ir_14554.png,640,512,640,512,-0.6044349683613746,5.684571135153419,5.716615311668037,0.18845206713303925,0.2195731119098549,0.18527854559698048,ALIGNED,ok
/home/biiteam/Storage-4T/biiteam/MCONG/datasets/dronevehicle_twostream/images/train/ir_14645.jpg,/home/biiteam/Storage-4T/biiteam/MCONG/datasets/dronevehicle_twostream/image/train/ir_14645.png,640,512,640,512,-0.4795946560890343,-3.6503972501283783,3.6817673905196653,0.12451573074795305,0.25882739799198484,0.21045921152438554,ALIGNED,ok
/home/biiteam/Storage-4T/biiteam/MCONG/datasets/dronevehicle_twostream/images/train/ir_14735.jpg,/home/biiteam/Storage-4T/biiteam/MCONG/datasets/dronevehicle_twostream/image/train/ir_14735.png,640,512,640,512,2.5118855380649734,-0.8166944863903041,2.641317633386845,0.12485481780022382,0.3564299138187715,0.318568706665614,ALIGNED,ok
/home/biiteam/Storage-4T/biiteam/MCONG/datasets/dronevehicle_twostream/images/train/ir_14826.jpg,/home/biiteam/Storage-4T/biiteam/MCONG/datasets/dronevehicle_twostream/image/train/ir_14826.png,640,512,640,512,0.36632378632361906,-2.711736313927645,2.736367473988164,0.12067633867263794,0.0817890727536629,0.05325931338765021,ALIGNED,ok
/home/biiteam/Storage-4T/biiteam/MCONG/datasets/dronevehicle_twostream/images/train/ir_14916.jpg,/home/biiteam/Storage-4T/biiteam/MCONG/datasets/dronevehicle_twostream/image/train/ir_14916.png,640,512,640,512,-2.4529186035252337,-0.8901008711264353,2.6094231616010886,0.20154123567044735,0.316011959297443,0.31135462722079915,ALIGNED,ok
/home/biiteam/Storage-4T/biiteam/MCONG/datasets/dronevehicle_twostream/images/train/ir_15006.jpg,/home/biiteam/Storage-4T/biiteam/MCONG/datasets/dronevehicle_twostream/image/train/ir_15006.png,640,512,640,512,0.22200744898134417,0.25475440580038367,0.3379158396374912,0.4423668017610908,0.6999918112687268,0.6863055806353358,ALIGNED,ok
/home/biiteam/Storage-4T/biiteam/MCONG/datasets/dronevehicle_twostream/images/train/ir_15097.jpg,/home/biiteam/Storage-4T/biiteam/MCONG/datasets/dronevehicle_twostream/image/train/ir_15097.png,640,512,640,512,1.081570330145837,-1.670944680049729,1.990439776239981,0.1242608867585659,0.26655248051948244,0.26346669147619545,ALIGNED,ok
/home/biiteam/Storage-4T/biiteam/MCONG/datasets/dronevehicle_twostream/images/train/ir_15187.jpg,/home/biiteam/Storage-4T/biiteam/MCONG/datasets/dronevehicle_twostream/image/train/ir_15187.png,640,512,640,512,-0.24124749606585283,1.0845261795245165,1.1110343777003875,0.31711061066016555,0.4449582651606847,0.420352847834098,ALIGNED,ok
/home/biiteam/Storage-4T/biiteam/MCONG/datasets/dronevehicle_twostream/images/train/ir_15278.jpg,/home/biiteam/Storage-4T/biiteam/MCONG/datasets/dronevehicle_twostream/image/train/ir_15278.png,640,512,640,512,0.3233666326340767,-0.4414652348988284,0.5472271308381736,0.18558402508497238,0.2849097645604622,0.26966300017451134,ALIGNED,ok
/home/biiteam/Storage-4T/biiteam/MCONG/datasets/dronevehicle_twostream/images/train/ir_15368.jpg,/home/biiteam/Storage-4T/biiteam/MCONG/datasets/dronevehicle_twostream/image/train/ir_15368.png,640,512,640,512,13.946107466925525,-4.869761538887985,14.771881766541071,0.24822168794926255,0.22959827312406692,0.106462229566958,MISALIGNED,large_shift
/home/biiteam/Storage-4T/biiteam/MCONG/datasets/dronevehicle_twostream/images/train/ir_15458.jpg,/home/biiteam/Storage-4T/biiteam/MCONG/datasets/dronevehicle_twostream/image/train/ir_15458.png,640,512,640,512,-0.6822467287224754,-7.106438559617402,7.13911266198185,0.3550070710480213,0.15062207304922068,0.061465265499309585,ALIGNED,ok
/home/biiteam/Storage-4T/biiteam/MCONG/datasets/dronevehicle_twostream/images/train/ir_15549.jpg,/home/biiteam/Storage-4T/biiteam/MCONG/datasets/dronevehicle_twostream/image/train/ir_15549.png,640,512,640,512,1.3360594898828708,-2.8688738725286385,3.1647262530878626,0.3116468904539943,0.32460511436997797,0.2822855874909885,ALIGNED,ok
/home/biiteam/Storage-4T/biiteam/MCONG/datasets/dronevehicle_twostream/images/train/ir_15639.jpg,/home/biiteam/Storage-4T/biiteam/MCONG/datasets/dronevehicle_twostream/image/train/ir_15639.png,640,512,640,512,-0.20219234347132442,1.3557765308193837,1.370770493291663,0.30858263522386553,0.38118975078091916,0.3273622562751113,ALIGNED,ok
/home/biiteam/Storage-4T/biiteam/MCONG/datasets/dronevehicle_twostream/images/train/ir_15730.jpg,/home/biiteam/Storage-4T/biiteam/MCONG/datasets/dronevehicle_twostream/image/train/ir_15730.png,640,512,640,512,4.835990197031094,-14.423779202320418,15.212896097162822,0.2400275655090809,-0.042306598026767644,-0.03156973524754231,MISALIGNED,large_shift
/home/biiteam/Storage-4T/biiteam/MCONG/datasets/dronevehicle_twostream/images/train/ir_15820.jpg,/home/biiteam/Storage-4T/biiteam/MCONG/datasets/dronevehicle_twostream/image/train/ir_15820.png,640,512,640,512,0.949652338849944,-0.16224987997873086,0.9634129894475586,0.14925661971792578,0.30675407055568416,0.2987818386256584,ALIGNED,ok
/home/biiteam/Storage-4T/biiteam/MCONG/datasets/dronevehicle_twostream/images/train/ir_15910.jpg,/home/biiteam/Storage-4T/biiteam/MCONG/datasets/dronevehicle_twostream/image/train/ir_15910.png,640,512,640,512,-0.1653757267125684,-2.9915016678343704,2.9960693182303926,0.46394373578950765,0.3854355093029049,0.3358957446056871,ALIGNED,ok
/home/biiteam/Storage-4T/biiteam/MCONG/datasets/dronevehicle_twostream/images/train/ir_16001.jpg,/home/biiteam/Storage-4T/biiteam/MCONG/datasets/dronevehicle_twostream/image/train/ir_16001.png,640,512,640,512,1.5710378110086936,-6.165851101511805,6.362851531320947,0.15132252746261657,0.16591135448293648,0.09846267432707873,ALIGNED,ok
/home/biiteam/Storage-4T/biiteam/MCONG/datasets/dronevehicle_twostream/images/train/ir_16091.jpg,/home/biiteam/Storage-4T/biiteam/MCONG/datasets/dronevehicle_twostream/image/train/ir_16091.png,640,512,640,512,0.2277707603927297,-0.38288390802478034,0.44551050079006077,0.40192209631204606,0.5489825492251765,0.5531978591297987,ALIGNED,ok
/home/biiteam/Storage-4T/biiteam/MCONG/datasets/dronevehicle_twostream/images/train/ir_16182.jpg,/home/biiteam/Storage-4T/biiteam/MCONG/datasets/dronevehicle_twostream/image/train/ir_16182.png,640,512,640,512,18.19799664941985,14.97305703738462,23.56606711135885,-0.0027150996029376984,0.03181530298896925,0.02169825439144394,MISALIGNED,"low_confidence,large_shift"
/home/biiteam/Storage-4T/biiteam/MCONG/datasets/dronevehicle_twostream/images/train/ir_16272.jpg,/home/biiteam/Storage-4T/biiteam/MCONG/datasets/dronevehicle_twostream/image/train/ir_16272.png,640,512,640,512,1.6069989771899031,-6.507187419455931,6.702681092265613,0.25447910353541375,0.4885371374557998,0.4114687542027259,ALIGNED,ok
/home/biiteam/Storage-4T/biiteam/MCONG/datasets/dronevehicle_twostream/images/train/ir_16362.jpg,/home/biiteam/Storage-4T/biiteam/MCONG/datasets/dronevehicle_twostream/image/train/ir_16362.png,640,512,640,512,-2.5520433876425273,-2.71428872486905,3.7256259520194996,0.32663334216922524,0.36300763544033343,0.31498033849722457,ALIGNED,ok
/home/biiteam/Storage-4T/biiteam/MCONG/datasets/dronevehicle_twostream/images/train/ir_16453.jpg,/home/biiteam/Storage-4T/biiteam/MCONG/datasets/dronevehicle_twostream/image/train/ir_16453.png,640,512,640,512,8.285771982475012,-0.41312646079597926,8.296064779049022,0.29566851248964665,0.34302044802109116,0.23739336503004263,MISALIGNED,large_shift
/home/biiteam/Storage-4T/biiteam/MCONG/datasets/dronevehicle_twostream/images/train/ir_16543.jpg,/home/biiteam/Storage-4T/biiteam/MCONG/datasets/dronevehicle_twostream/image/train/ir_16543.png,640,512,640,512,-0.24009581125216073,1.4486246405674308,1.4683866479370995,0.1933867753483355,0.2754540199827194,0.2518464228323554,ALIGNED,ok
/home/biiteam/Storage-4T/biiteam/MCONG/datasets/dronevehicle_twostream/images/train/ir_16634.jpg,/home/biiteam/Storage-4T/biiteam/MCONG/datasets/dronevehicle_twostream/image/train/ir_16634.png,640,512,640,512,0.6948647583762408,-0.8507162258518406,1.0984330336260248,0.2814892265945673,0.4896658326958857,0.43109419918083236,ALIGNED,ok
/home/biiteam/Storage-4T/biiteam/MCONG/datasets/dronevehicle_twostream/images/train/ir_16724.jpg,/home/biiteam/Storage-4T/biiteam/MCONG/datasets/dronevehicle_twostream/image/train/ir_16724.png,640,512,640,512,1.5087388361698686,-4.703111033677715,4.939184777963694,0.1314824702218175,0.2858842500966985,0.24416135069965203,ALIGNED,ok
/home/biiteam/Storage-4T/biiteam/MCONG/datasets/dronevehicle_twostream/images/train/ir_16814.jpg,/home/biiteam/Storage-4T/biiteam/MCONG/datasets/dronevehicle_twostream/image/train/ir_16814.png,640,512,640,512,-0.17374821402609086,-1.7597744190080107,1.7683309779767582,0.09475881068501621,0.061607998866812445,0.042630451197938214,ALIGNED,ok
/home/biiteam/Storage-4T/biiteam/MCONG/datasets/dronevehicle_twostream/images/train/ir_16905.jpg,/home/biiteam/Storage-4T/biiteam/MCONG/datasets/dronevehicle_twostream/image/train/ir_16905.png,640,512,640,512,17.12879310369732,-25.127736533206644,30.41050306179621,0.012839615589473396,0.09169491458900783,0.023017868146262145,MISALIGNED,large_shift
/home/biiteam/Storage-4T/biiteam/MCONG/datasets/dronevehicle_twostream/images/train/ir_16995.jpg,/home/biiteam/Storage-4T/biiteam/MCONG/datasets/dronevehicle_twostream/image/train/ir_16995.png,640,512,640,512,-3.180047231522792,-0.6814592929439982,3.25224340458329,0.11148003628477454,0.1694294849506093,0.12374302636300871,ALIGNED,ok
/home/biiteam/Storage-4T/biiteam/MCONG/datasets/dronevehicle_twostream/images/train/ir_17086.jpg,/home/biiteam/Storage-4T/biiteam/MCONG/datasets/dronevehicle_twostream/image/train/ir_17086.png,640,512,640,512,49.147166558890035,-44.97804313662476,66.62183084520686,0.000973146315664053,0.23993836350585102,-0.021761972573150604,MISALIGNED,large_shift
/home/biiteam/Storage-4T/biiteam/MCONG/datasets/dronevehicle_twostream/images/train/ir_17176.jpg,/home/biiteam/Storage-4T/biiteam/MCONG/datasets/dronevehicle_twostream/image/train/ir_17176.png,640,512,640,512,-2.0053848638279987,0.7016425531051027,2.1245871891730608,0.1368290835991502,0.27735969356437135,0.2414815739575833,ALIGNED,ok
/home/biiteam/Storage-4T/biiteam/MCONG/datasets/dronevehicle_twostream/images/train/ir_17266.jpg,/home/biiteam/Storage-4T/biiteam/MCONG/datasets/dronevehicle_twostream/image/train/ir_17266.png,640,512,640,512,-0.5358194101413005,-3.797829785560282,3.835441763392195,0.30265987627208235,0.4061783523172828,0.2860026324396571,ALIGNED,ok
/home/biiteam/Storage-4T/biiteam/MCONG/datasets/dronevehicle_twostream/images/train/ir_17357.jpg,/home/biiteam/Storage-4T/biiteam/MCONG/datasets/dronevehicle_twostream/image/train/ir_17357.png,640,512,640,512,-4.682630320948192,-0.013014305547244476,4.6826484060638425,0.30637396024540064,0.2683575466877312,0.19763382058634846,ALIGNED,ok
/home/biiteam/Storage-4T/biiteam/MCONG/datasets/dronevehicle_twostream/images/train/ir_17447.jpg,/home/biiteam/Storage-4T/biiteam/MCONG/datasets/dronevehicle_twostream/image/train/ir_17447.png,640,512,640,512,0.4380478157661969,0.9784863550715954,1.0720641006762759,0.2700330196181312,0.363803179663092,0.333470417129034,ALIGNED,ok
/home/biiteam/Storage-4T/biiteam/MCONG/datasets/dronevehicle_twostream/images/train/ir_17538.jpg,/home/biiteam/Storage-4T/biiteam/MCONG/datasets/dronevehicle_twostream/image/train/ir_17538.png,640,512,640,512,7.531083869857696,-8.290688675007402,11.200568867728403,0.32543297922238706,0.1332172675079841,0.11630425732184184,MISALIGNED,large_shift
/home/biiteam/Storage-4T/biiteam/MCONG/datasets/dronevehicle_twostream/images/train/ir_17628.jpg,/home/biiteam/Storage-4T/biiteam/MCONG/datasets/dronevehicle_twostream/image/train/ir_17628.png,640,512,640,512,2.557751571512597,-3.390938431949337,4.247417633203284,0.10125903345178813,0.28810294433097916,0.19302103438807872,ALIGNED,ok
/home/biiteam/Storage-4T/biiteam/MCONG/datasets/dronevehicle_twostream/images/train/ir_17718.jpg,/home/biiteam/Storage-4T/biiteam/MCONG/datasets/dronevehicle_twostream/image/train/ir_17718.png,640,512,640,512,-20.070297998070203,-21.24416075922352,29.22552357264234,0.0030829648952931167,0.10042640140972062,-0.004176107578132636,MISALIGNED,large_shift
/home/biiteam/Storage-4T/biiteam/MCONG/datasets/dronevehicle_twostream/images/train/ir_17809.jpg,/home/biiteam/Storage-4T/biiteam/MCONG/datasets/dronevehicle_twostream/image/train/ir_17809.png,640,512,640,512,-2.0909855769232877,-0.025586258274131524,2.0911421136579134,0.36546821165829896,0.6786910304096766,0.6584284719496494,ALIGNED,ok
/home/biiteam/Storage-4T/biiteam/MCONG/datasets/dronevehicle_twostream/images/train/ir_17899.jpg,/home/biiteam/Storage-4T/biiteam/MCONG/datasets/dronevehicle_twostream/image/train/ir_17899.png,640,512,640,512,10.140480110475153,-3.9963737555809757,10.899556874719199,0.08834464417304844,0.2728753314294451,0.20687224525386352,MISALIGNED,large_shift
/home/biiteam/Storage-4T/biiteam/MCONG/datasets/dronevehicle_twostream/images/train/ir_17990.jpg,/home/biiteam/Storage-4T/biiteam/MCONG/datasets/dronevehicle_twostream/image/train/ir_17990.png,640,512,640,512,37.988618698217635,-17.90160966122602,41.995270913062,0.006234675575979054,0.035917902938858506,0.009802826780656726,MISALIGNED,"low_confidence,large_shift"
