                  epoch,         train/box_loss,         train/cls_loss,         train/dfl_loss,   metrics/precision(B),      metrics/recall(B),       metrics/mAP50(B),    metrics/mAP50-95(B),           val/box_loss,           val/cls_loss,           val/dfl_loss,                 lr/pg0,                 lr/pg1,                 lr/pg2
                      1,                 2.7685,                 2.2822,                 2.8741,                0.95587,                0.15324,                0.20487,                0.09769,                  1.849,                 1.6529,                 2.6782,               0.070106,              0.0033215,              0.0033215
                      2,                 1.5326,                  1.277,                 2.2559,                 0.3049,                0.32779,                  0.294,                 0.1786,                 1.3167,                 1.1505,                 2.1401,                0.04004,               0.006589,               0.006589
                      3,                 1.2382,                 1.0369,                 1.9778,                0.34293,                0.44977,                0.36125,                0.22381,                 1.2228,                0.96974,                 2.1752,              0.0099086,              0.0097904,              0.0097904
                      4,                 1.0714,                0.88595,                 1.8374,                0.33833,                0.46031,                0.37711,                0.25263,                 1.0684,                0.99195,                 1.9822,               0.009703,               0.009703,               0.009703
                      5,                0.98868,                0.79397,                 1.7689,                 0.5523,                0.63347,                0.59466,                0.42213,                0.87737,                0.70265,                 1.8305,               0.009604,               0.009604,               0.009604
                      6,                0.94295,                0.73595,                 1.7208,                0.40315,                0.47691,                0.43669,                0.30241,                0.95178,                 0.8387,                 1.8958,               0.009505,               0.009505,               0.009505
                      7,                0.91671,                0.70387,                  1.702,                0.58618,                0.59944,                0.59146,                0.42672,                0.86675,                 0.6831,                  1.822,               0.009406,               0.009406,               0.009406
                      8,                0.90132,                0.68785,                 1.6978,                0.61567,                0.66013,                0.62931,                0.46163,                0.81888,                0.61727,                 1.7409,               0.009307,               0.009307,               0.009307
                      9,                0.88852,                0.66698,                 1.6706,                0.61624,                0.66373,                0.64269,                0.47412,                0.81645,                0.61699,                 1.7356,               0.009208,               0.009208,               0.009208
                     10,                0.87985,                0.65652,                  1.658,                 0.6307,                 0.6812,                0.67848,                0.50932,                0.79111,                0.58031,                 1.7368,               0.009109,               0.009109,               0.009109
                     11,                0.86911,                0.64262,                  1.653,                0.68226,                0.69604,                0.69951,                 0.5209,                0.79005,                0.56674,                 1.7418,                0.00901,                0.00901,                0.00901
                     12,                0.85884,                0.62853,                 1.6416,                 0.6754,                0.69375,                0.68901,                 0.5199,                0.78654,                0.56414,                 1.7122,               0.008911,               0.008911,               0.008911
                     13,                0.85264,                0.62331,                 1.6382,                0.66316,                0.71087,                 0.7024,                0.52912,                0.78054,                0.55537,                 1.7314,               0.008812,               0.008812,               0.008812
                     14,                0.84588,                0.61752,                 1.6301,                0.68136,                0.71211,                0.70722,                0.54517,                0.75947,                0.54258,                 1.7066,               0.008713,               0.008713,               0.008713
                     15,                0.84258,                   0.61,                 1.6291,                0.70556,                 0.7331,                0.73982,                0.56905,                0.76896,                0.51892,                 1.6908,               0.008614,               0.008614,               0.008614
                     16,                0.83592,                0.59968,                 1.6194,                0.73927,                0.72994,                0.75869,                0.58548,                0.75213,                0.51178,                 1.7029,               0.008515,               0.008515,               0.008515
                     17,                0.83024,                0.59344,                  1.623,                0.70974,                0.74313,                0.75308,                0.58045,                0.74744,                 0.5097,                 1.6953,               0.008416,               0.008416,               0.008416
                     18,                0.82403,                0.58814,                 1.6108,                0.71041,                0.74324,                0.76234,                0.58987,                0.74423,                0.50966,                 1.6828,               0.008317,               0.008317,               0.008317
                     19,                0.82233,                0.58328,                 1.6219,                0.73911,                0.73937,                0.77253,                0.60117,                0.74666,                0.50084,                 1.6713,               0.008218,               0.008218,               0.008218
                     20,                0.81916,                0.58326,                 1.6089,                0.73945,                0.73584,                0.76391,                0.59195,                0.74354,                0.51205,                 1.6981,               0.008119,               0.008119,               0.008119
                     21,                0.81701,                0.57384,                 1.6105,                0.74463,                0.76057,                0.78524,                0.61331,                0.73377,                0.48774,                 1.6722,                0.00802,                0.00802,                0.00802
                     22,                0.80939,                0.57348,                 1.6022,                0.75895,                0.75432,                0.78266,                0.61206,                0.73215,                0.48631,                 1.6659,               0.007921,               0.007921,               0.007921
                     23,                0.80826,                0.57045,                 1.6112,                0.77329,                0.74737,                0.79869,                0.62606,                0.73155,                0.48087,                 1.6623,               0.007822,               0.007822,               0.007822
                     24,                0.80489,                0.56678,                 1.6041,                 0.7778,                0.73983,                0.79659,                0.62442,                 0.7273,                0.47993,                 1.6631,               0.007723,               0.007723,               0.007723
                     25,                0.80061,                0.55563,                 1.5973,                0.77698,                0.74683,                0.79214,                0.62395,                0.72095,                0.47382,                 1.6589,               0.007624,               0.007624,               0.007624
                     26,                0.79579,                0.55303,                 1.5962,                0.76244,                 0.7708,                0.80569,                 0.6371,                0.72474,                0.47494,                 1.6456,               0.007525,               0.007525,               0.007525
                     27,                0.79065,                0.55258,                 1.5914,                  0.775,                0.77339,                0.81211,                0.64244,                0.71826,                0.46706,                 1.6514,               0.007426,               0.007426,               0.007426
                     28,                0.79112,                0.54987,                 1.5854,                0.75654,                0.76513,                0.79374,                0.62941,                0.72151,                0.47288,                  1.643,               0.007327,               0.007327,               0.007327
                     29,                0.79015,                0.54747,                 1.5906,                0.77774,                0.77878,                0.81709,                0.64683,                0.71642,                0.46432,                 1.6477,               0.007228,               0.007228,               0.007228
                     30,                0.78683,                0.54456,                 1.5802,                0.77314,                 0.7627,                0.80602,                0.63997,                0.71567,                0.46448,                 1.6462,               0.007129,               0.007129,               0.007129
                     31,                0.78884,                0.54593,                 1.5912,                0.77514,                  0.777,                0.82034,                0.65317,                 0.7124,                0.46005,                 1.6437,                0.00703,                0.00703,                0.00703
                     32,                0.78008,                0.53819,                 1.5834,                0.77902,                0.77219,                0.81488,                0.64866,                 0.7096,                0.45891,                 1.6414,               0.006931,               0.006931,               0.006931
                     33,                 0.7815,                0.53979,                 1.5779,                0.78721,                0.76514,                0.81446,                0.65066,                0.71014,                0.46047,                 1.6374,               0.006832,               0.006832,               0.006832
                     34,                0.77489,                0.53361,                 1.5758,                0.78781,                0.77321,                0.81806,                0.65298,                0.70916,                0.45636,                 1.6372,               0.006733,               0.006733,               0.006733
                     35,                0.77829,                0.53266,                 1.5782,                0.78894,                 0.7769,                0.82372,                0.65781,                0.70626,                0.45448,                 1.6383,               0.006634,               0.006634,               0.006634
                     36,                0.77144,                0.52604,                 1.5676,                0.78911,                0.77868,                0.82368,                0.65805,                0.70512,                0.45117,                 1.6363,               0.006535,               0.006535,               0.006535
                     37,                0.76372,                0.52373,                 1.5643,                0.80024,                0.77623,                0.83003,                0.66428,                0.70125,                0.44893,                 1.6331,               0.006436,               0.006436,               0.006436
                     38,                0.76661,                 0.5213,                 1.5705,                 0.8105,                0.77626,                0.83496,                0.66969,                0.70221,                0.44692,                  1.632,               0.006337,               0.006337,               0.006337
                     39,                0.76113,                0.51652,                 1.5718,                0.80468,                0.78073,                0.83681,                0.67209,                 0.7006,                0.44529,                 1.6283,               0.006238,               0.006238,               0.006238
                     40,                0.76168,                0.51915,                 1.5679,                0.79263,                0.79301,                0.83604,                 0.6716,                0.69917,                0.44394,                 1.6292,               0.006139,               0.006139,               0.006139
                     41,                0.75768,                0.51262,                 1.5718,                0.79665,                0.78582,                0.83316,                0.66996,                0.69807,                0.44504,                  1.629,                0.00604,                0.00604,                0.00604
                     42,                0.75859,                0.51408,                  1.565,                0.78541,                0.79057,                 0.8287,                0.66715,                0.69724,                0.44503,                 1.6273,               0.005941,               0.005941,               0.005941
                     43,                0.75074,                0.51163,                 1.5651,                0.78743,                 0.7817,                0.82916,                0.66743,                0.69722,                0.44392,                 1.6259,               0.005842,               0.005842,               0.005842
                     44,                0.75129,                  0.507,                 1.5598,                0.79347,                0.78438,                0.83384,                0.67085,                0.69575,                0.44173,                  1.624,               0.005743,               0.005743,               0.005743
                     45,                0.75472,                0.50884,                 1.5641,                0.80587,                0.78311,                0.83787,                0.67508,                0.69553,                 0.4401,                 1.6229,               0.005644,               0.005644,               0.005644
                     46,                0.74995,                0.50665,                 1.5699,                0.80815,                 0.7842,                0.84031,                0.67649,                0.69558,                0.43874,                  1.622,               0.005545,               0.005545,               0.005545
                     47,                 0.7484,                0.50157,                  1.556,                0.80271,                0.78641,                0.83746,                0.67476,                0.69522,                0.43869,                 1.6218,               0.005446,               0.005446,               0.005446
                     48,                0.74697,                0.50384,                 1.5629,                0.80439,                0.78868,                0.83804,                0.67477,                0.69469,                0.43719,                 1.6209,               0.005347,               0.005347,               0.005347
                     49,                0.74249,                0.49859,                 1.5468,                0.80808,                0.78258,                0.83962,                0.67609,                0.69351,                0.43664,                 1.6195,               0.005248,               0.005248,               0.005248
                     50,                0.73681,                0.49406,                 1.5499,                0.80755,                 0.7776,                0.83736,                0.67494,                0.69249,                0.43661,                 1.6187,               0.005149,               0.005149,               0.005149
                     51,                0.73974,                0.49702,                 1.5561,                0.82028,                 0.7666,                0.83817,                0.67529,                0.69158,                0.43584,                 1.6184,                0.00505,                0.00505,                0.00505
                     52,                0.73553,                0.49275,                 1.5618,                0.81719,                0.77255,                0.83934,                0.67706,                0.69078,                0.43456,                 1.6189,               0.004951,               0.004951,               0.004951
                     53,                0.73326,                0.48721,                 1.5562,                0.81436,                0.77884,                0.83934,                 0.6779,                0.69011,                0.43395,                  1.618,               0.004852,               0.004852,               0.004852
                     54,                0.72795,                 0.4857,                 1.5539,                  0.804,                 0.7908,                0.84054,                0.67905,                0.68962,                0.43339,                 1.6171,               0.004753,               0.004753,               0.004753
                     55,                0.73105,                0.48566,                 1.5459,                0.80985,                0.78183,                0.83927,                 0.6783,                0.68889,                0.43336,                 1.6163,               0.004654,               0.004654,               0.004654
                     56,                0.72813,                0.48605,                 1.5454,                0.80866,                0.78769,                0.84059,                0.67919,                0.68863,                 0.4327,                 1.6156,               0.004555,               0.004555,               0.004555
                     57,                 0.7242,                0.47955,                 1.5395,                0.81057,                 0.7837,                0.83941,                0.67872,                0.68816,                0.43255,                 1.6146,               0.004456,               0.004456,               0.004456
                     58,                 0.7302,                0.48239,                 1.5374,                0.81254,                0.78283,                0.83965,                0.67917,                0.68754,                0.43228,                 1.6141,               0.004357,               0.004357,               0.004357
                     59,                0.72683,                0.47995,                 1.5528,                0.81147,                0.78402,                0.83962,                 0.6789,                 0.6873,                0.43207,                 1.6132,               0.004258,               0.004258,               0.004258
                     60,                0.72665,                0.47959,                 1.5393,                0.81237,                 0.7832,                0.83971,                0.67878,                0.68698,                0.43157,                  1.613,               0.004159,               0.004159,               0.004159
                     61,                 0.7195,                0.47367,                 1.5378,                0.81385,                0.78405,                0.84089,                0.67941,                0.68663,                0.43109,                 1.6127,                0.00406,                0.00406,                0.00406
                     62,                0.71653,                 0.4725,                 1.5401,                0.81716,                0.78091,                0.84059,                0.67938,                0.68619,                0.43085,                 1.6122,               0.003961,               0.003961,               0.003961
                     63,                0.72013,                0.47296,                 1.5453,                0.81219,                0.78526,                0.84013,                0.67907,                0.68598,                0.43065,                 1.6119,               0.003862,               0.003862,               0.003862
                     64,                0.71917,                0.47369,                 1.5425,                0.80723,                0.79007,                0.84036,                0.67986,                0.68552,                0.43028,                 1.6118,               0.003763,               0.003763,               0.003763
                     65,                0.71229,                0.46729,                 1.5386,                0.80591,                 0.7915,                 0.8409,                0.68081,                 0.6852,                0.42986,                 1.6116,               0.003664,               0.003664,               0.003664
                     66,                0.71281,                0.46957,                   1.54,                0.80725,                0.79178,                0.84068,                0.68072,                0.68501,                0.42943,                 1.6115,               0.003565,               0.003565,               0.003565
                     67,                0.71795,                0.46747,                 1.5304,                0.80687,                0.79236,                0.84096,                0.68109,                0.68474,                0.42922,                 1.6113,               0.003466,               0.003466,               0.003466
                     68,                0.70825,                0.46018,                 1.5398,                0.80674,                0.79297,                0.84139,                 0.6813,                0.68444,                 0.4287,                 1.6109,               0.003367,               0.003367,               0.003367
                     69,                0.70904,                0.46035,                  1.538,                0.81129,                0.78887,                0.84133,                0.68126,                0.68418,                0.42829,                 1.6109,               0.003268,               0.003268,               0.003268
                     70,                0.70495,                0.45796,                 1.5225,                0.80925,                0.79042,                0.84146,                0.68146,                0.68392,                0.42802,                 1.6108,               0.003169,               0.003169,               0.003169
                     71,                0.70583,                0.46109,                 1.5297,                0.80599,                0.79262,                 0.8418,                0.68195,                 0.6836,                0.42761,                 1.6106,                0.00307,                0.00307,                0.00307
                     72,                0.70493,                0.45527,                 1.5261,                0.80898,                0.78886,                0.84179,                0.68215,                0.68345,                0.42718,                 1.6104,               0.002971,               0.002971,               0.002971
                     73,                 0.6999,                0.45128,                 1.5342,                0.81117,                 0.7889,                0.84214,                0.68264,                0.68335,                0.42683,                 1.6101,               0.002872,               0.002872,               0.002872
                     74,                0.69897,                0.45095,                 1.5224,                 0.8125,                0.78935,                0.84234,                0.68303,                0.68323,                0.42654,                 1.6097,               0.002773,               0.002773,               0.002773
                     75,                0.69903,                0.45089,                 1.5234,                0.80994,                 0.7923,                0.84228,                0.68305,                0.68316,                 0.4261,                 1.6095,               0.002674,               0.002674,               0.002674
                     76,                0.69716,                 0.4493,                 1.5181,                0.81078,                0.79387,                0.84271,                 0.6834,                0.68294,                0.42584,                 1.6093,               0.002575,               0.002575,               0.002575
                     77,                 0.6957,                0.44605,                 1.5136,                0.81485,                0.79079,                0.84301,                0.68366,                0.68264,                0.42553,                 1.6089,               0.002476,               0.002476,               0.002476
                     78,                 0.6949,                0.44501,                 1.5176,                0.81219,                0.79168,                  0.843,                  0.684,                 0.6825,                0.42532,                 1.6086,               0.002377,               0.002377,               0.002377
                     79,                0.69594,                0.44554,                  1.521,                0.81351,                0.79033,                0.84287,                0.68447,                0.68232,                0.42506,                 1.6084,               0.002278,               0.002278,               0.002278
                     80,                0.68933,                0.44314,                 1.5173,                0.81416,                0.79124,                0.84294,                0.68494,                0.68205,                0.42492,                 1.6081,               0.002179,               0.002179,               0.002179
                     81,                0.69006,                0.43957,                 1.5185,                0.81501,                0.79049,                0.84325,                0.68515,                0.68193,                 0.4246,                  1.608,                0.00208,                0.00208,                0.00208
                     82,                0.69104,                0.44107,                 1.5116,                 0.8149,                0.79135,                0.84312,                0.68546,                0.68169,                0.42425,                  1.608,               0.001981,               0.001981,               0.001981
                     83,                 0.6858,                0.43487,                 1.5084,                0.81636,                0.79287,                0.84341,                 0.6858,                0.68139,                0.42414,                  1.608,               0.001882,               0.001882,               0.001882
                     84,                0.68778,                0.44108,                  1.518,                0.81529,                0.79341,                0.84345,                0.68586,                0.68114,                0.42384,                 1.6079,               0.001783,               0.001783,               0.001783
                     85,                0.68796,                0.43572,                 1.5145,                0.81415,                0.79612,                0.84396,                0.68618,                0.68082,                0.42353,                 1.6078,               0.001684,               0.001684,               0.001684
                     86,                0.68099,                0.43172,                 1.5122,                0.81171,                0.79806,                0.84376,                0.68603,                0.68045,                0.42331,                 1.6077,               0.001585,               0.001585,               0.001585
                     87,                0.68039,                0.42999,                 1.5049,                0.80972,                0.79979,                0.84372,                0.68623,                0.68019,                  0.423,                 1.6075,               0.001486,               0.001486,               0.001486
                     88,                 0.6811,                0.43071,                 1.5174,                0.81234,                0.79885,                0.84364,                0.68623,                0.67974,                0.42267,                 1.6075,               0.001387,               0.001387,               0.001387
                     89,                0.67744,                0.42811,                 1.5135,                0.81121,                0.79938,                0.84365,                0.68645,                0.67957,                0.42253,                 1.6075,               0.001288,               0.001288,               0.001288
                     90,                0.67665,                0.42829,                 1.5005,                0.81184,                 0.8002,                0.84391,                0.68684,                0.67922,                0.42239,                 1.6073,               0.001189,               0.001189,               0.001189
                     91,                0.67618,                0.42351,                 1.5011,                0.81006,                0.80172,                0.84379,                0.68673,                0.67894,                0.42213,                 1.6074,                0.00109,                0.00109,                0.00109
                     92,                0.67285,                0.41883,                 1.5011,                0.81175,                0.80027,                 0.8438,                0.68696,                0.67858,                0.42187,                 1.6073,               0.000991,               0.000991,               0.000991
                     93,                0.67009,                0.41671,                 1.5042,                0.81291,                0.80039,                 0.8438,                0.68726,                0.67826,                 0.4216,                 1.6074,               0.000892,               0.000892,               0.000892
                     94,                0.67102,                0.41927,                 1.5022,                0.81414,                0.80011,                0.84385,                0.68716,                0.67802,                 0.4214,                 1.6074,               0.000793,               0.000793,               0.000793
                     95,                0.66983,                0.42054,                 1.4958,                0.81369,                 0.8004,                0.84368,                0.68724,                0.67786,                 0.4212,                 1.6074,               0.000694,               0.000694,               0.000694
                     96,                0.66626,                0.41578,                 1.4923,                0.81234,                0.80016,                0.84379,                0.68791,                0.67767,                0.42085,                 1.6073,               0.000595,               0.000595,               0.000595
                     97,                0.66322,                0.41347,                 1.4916,                 0.8125,                 0.8004,                0.84368,                0.68764,                0.67751,                0.42078,                 1.6072,               0.000496,               0.000496,               0.000496
                     98,                0.66461,                0.41265,                 1.5011,                0.81388,                0.79928,                0.84366,                0.68783,                0.67732,                0.42067,                 1.6072,               0.000397,               0.000397,               0.000397
                     99,                0.66323,                0.41006,                 1.4966,                0.81318,                0.80029,                0.84343,                0.68773,                0.67709,                0.42041,                 1.6073,               0.000298,               0.000298,               0.000298
                    100,                0.66295,                0.41148,                  1.491,                0.81229,                0.80146,                 0.8434,                0.68776,                0.67695,                0.42032,                 1.6072,               0.000199,               0.000199,               0.000199
