                  epoch,         train/box_loss,         train/cls_loss,         train/dfl_loss,       train/illum_loss,   metrics/precision(B),      metrics/recall(B),       metrics/mAP50(B),    metrics/mAP50-95(B),           val/box_loss,           val/cls_loss,           val/dfl_loss,         val/illum_loss,                 lr/pg0,                 lr/pg1,                 lr/pg2
                      1,                 1.4752,                 1.7981,                  1.855,                0.14014,                0.56381,                0.45981,                0.42239,                0.30492,                 0.9424,                0.87334,                 1.7317,                0.13878,               0.070053,              0.0033274,              0.0033274
                      2,                 1.1826,                0.93132,                 1.6277,                0.10936,                0.58548,                 0.6481,                0.61955,                0.46262,                0.87302,                0.70232,                 1.5982,                0.03835,               0.039987,              0.0065948,              0.0065948
                      3,                0.97202,                0.74955,                 1.6026,                 0.0265,                0.60853,                0.64789,                0.62194,                0.47948,                0.77314,                0.60562,                 1.6428,                0.01173,              0.0098554,              0.0097962,              0.0097962
                      4,                0.82365,                  0.631,                 1.5109,                0.01952,                0.66863,                0.69164,                0.69006,                0.52839,                0.75723,                0.55063,                 1.6014,                0.00468,               0.009703,               0.009703,               0.009703
                      5,                0.79648,                 0.5969,                  1.471,                0.01416,                0.70301,                0.70689,                0.71477,                0.56823,                0.73514,                0.53136,                 1.5478,                0.00667,               0.009604,               0.009604,               0.009604
                      6,                0.78611,                0.57783,                 1.4487,                0.01215,                 0.7293,                 0.7285,                0.75605,                0.60843,                0.73363,                0.51226,                 1.5062,                0.00326,               0.009505,               0.009505,               0.009505
                      7,                 0.7751,                0.56508,                  1.433,                0.01133,                0.71409,                0.73477,                0.73648,                0.59311,                0.71523,                0.50077,                 1.5464,                0.00324,               0.009406,               0.009406,               0.009406
                      8,                0.76887,                 0.5557,                 1.4337,                0.01049,                 0.7452,                0.74674,                0.78706,                0.63817,                0.70779,                0.48709,                  1.523,                0.00314,               0.009307,               0.009307,               0.009307
                      9,                0.76433,                0.54648,                 1.4288,                0.01036,                0.75512,                0.73665,                0.78207,                0.63111,                0.71619,                0.48507,                 1.5248,                0.00393,               0.009208,               0.009208,               0.009208
                     10,                 0.7617,                0.54415,                 1.4211,                0.00939,                0.71591,                0.73336,                0.73744,                0.59734,                0.71355,                0.49205,                 1.5157,                0.00289,               0.009109,               0.009109,               0.009109
                     11,                0.75444,                 0.5341,                 1.4141,                0.00975,                0.77118,                0.74293,                  0.795,                0.64508,                0.70757,                0.47433,                 1.5076,                0.00382,                0.00901,                0.00901,                0.00901
                     12,                0.75161,                 0.5304,                 1.4169,                0.00915,                0.76442,                 0.7378,                0.79085,                0.64495,                0.69832,                0.46904,                 1.5205,                0.00321,               0.008911,               0.008911,               0.008911
                     13,                0.74621,                0.52586,                 1.4153,                0.00916,                0.74748,                0.73804,                0.76796,                0.62763,                0.68819,                0.47141,                 1.5071,                0.00449,               0.008812,               0.008812,               0.008812
                     14,                0.74178,                0.51811,                 1.4089,                0.00933,                0.78317,                0.77063,                0.81727,                0.67038,                0.69006,                0.45416,                 1.4971,                0.00336,               0.008713,               0.008713,               0.008713
                     15,                0.74047,                0.51532,                 1.4034,                0.00796,                0.78421,                0.77675,                0.81771,                0.66836,                0.68747,                0.45454,                 1.4996,                0.00245,               0.008614,               0.008614,               0.008614
                     16,                0.73689,                0.51164,                 1.4072,                0.00769,                0.77082,                 0.7734,                0.80703,                0.66097,                0.68132,                0.45177,                 1.4971,                0.00285,               0.008515,               0.008515,               0.008515
                     17,                0.73351,                0.50799,                 1.4022,                0.00849,                0.76623,                 0.7828,                 0.8137,                0.67119,                0.67801,                0.44508,                 1.5016,                0.00238,               0.008416,               0.008416,               0.008416
                     18,                0.72839,                0.50506,                 1.4048,                0.00839,                0.77318,                0.79045,                0.81389,                0.67127,                0.67826,                0.44447,                  1.467,                0.00238,               0.008317,               0.008317,               0.008317
                     19,                0.72751,                0.50283,                 1.3962,                0.00775,                0.78478,                0.79639,                0.83918,                0.69206,                0.68143,                0.43424,                 1.5065,                0.00242,               0.008218,               0.008218,               0.008218
                     20,                0.72676,                0.49655,                 1.4038,                0.00837,                0.79245,                0.79877,                0.84682,                0.69959,                 0.6745,                0.42908,                 1.4936,                0.00278,               0.008119,               0.008119,               0.008119
                     21,                 0.7207,                 0.4959,                 1.4024,                0.00836,                0.78972,                0.80174,                 0.8375,                0.69381,                0.66812,                0.42802,                 1.4738,                0.00322,                0.00802,                0.00802,                0.00802
                     22,                0.71963,                0.49182,                 1.3961,                0.00811,                0.78979,                0.78483,                0.83088,                0.68795,                0.67034,                0.43165,                 1.4697,                0.00319,               0.007921,               0.007921,               0.007921
                     23,                0.71858,                0.49277,                 1.3928,                0.00738,                0.79602,                0.77694,                0.82655,                0.68496,                 0.6695,                0.42842,                 1.4703,                0.00274,               0.007822,               0.007822,               0.007822
                     24,                0.71531,                0.48632,                 1.3984,                0.00757,                0.77833,                0.81157,                 0.8372,                0.69316,                0.66801,                0.42251,                 1.4833,                0.00248,               0.007723,               0.007723,               0.007723
                     25,                0.71274,                0.48425,                 1.3951,                0.00784,                0.80404,                0.81661,                0.85503,                0.71043,                0.66601,                0.41647,                 1.4649,                0.00312,               0.007624,               0.007624,               0.007624
                     26,                0.71135,                0.48252,                 1.3935,                0.00776,                 0.7816,                0.81068,                0.84876,                0.70466,                0.66474,                0.41922,                 1.4753,                0.00251,               0.007525,               0.007525,               0.007525
                     27,                0.70893,                0.47852,                 1.3944,                0.00722,                0.79391,                0.81896,                0.84613,                0.70282,                0.66223,                0.41622,                  1.469,                0.00273,               0.007426,               0.007426,               0.007426
                     28,                0.70566,                0.47615,                 1.3889,                  0.008,                0.81841,                0.79516,                0.85342,                0.71037,                0.66444,                0.41319,                 1.4693,                0.00238,               0.007327,               0.007327,               0.007327
                     29,                0.70692,                0.47709,                 1.3897,                0.00755,                0.80023,                0.82158,                0.85665,                0.71249,                0.66256,                0.41145,                 1.4714,                0.00267,               0.007228,               0.007228,               0.007228
                     30,                0.70402,                0.47311,                 1.3942,                0.00762,                0.79846,                0.79957,                0.84452,                0.70398,                0.65908,                0.41245,                 1.4734,                0.00267,               0.007129,               0.007129,               0.007129
                     31,                0.70151,                0.47018,                 1.3916,                0.00768,                0.80552,                0.81681,                0.85948,                0.71666,                0.65995,                0.40823,                  1.457,                0.00264,                0.00703,                0.00703,                0.00703
                     32,                0.69901,                0.46738,                 1.3866,                0.00699,                0.82027,                0.81702,                0.87018,                0.72681,                0.65702,                0.40337,                 1.4672,                0.00228,               0.006931,               0.006931,               0.006931
                     33,                0.69636,                0.46499,                  1.397,                0.00661,                0.80766,                0.82199,                0.85724,                0.71503,                0.65752,                0.40512,                   1.47,                0.00245,               0.006832,               0.006832,               0.006832
                     34,                0.69767,                0.46617,                 1.3949,                0.00718,                0.81357,                0.82354,                 0.8671,                0.72264,                 0.6552,                0.40153,                 1.4662,                0.00222,               0.006733,               0.006733,               0.006733
                     35,                0.69262,                0.46184,                 1.3898,                0.00635,                0.81861,                0.82744,                0.87035,                0.72817,                0.65192,                0.40065,                 1.4622,                0.00234,               0.006634,               0.006634,               0.006634
                     36,                0.69397,                0.45854,                  1.393,                 0.0073,                0.81458,                0.81798,                0.86439,                0.72321,                0.65273,                0.40186,                 1.4614,                0.00271,               0.006535,               0.006535,               0.006535
                     37,                0.69197,                0.46031,                 1.3921,                0.00683,                0.81093,                0.82312,                0.86526,                 0.7234,                0.65335,                0.40042,                 1.4642,                0.00266,               0.006436,               0.006436,               0.006436
                     38,                0.69219,                0.45725,                 1.3921,                0.00676,                0.80532,                0.81913,                0.85827,                0.71842,                0.65142,                0.40066,                 1.4653,                0.00284,               0.006337,               0.006337,               0.006337
                     39,                0.68957,                0.45343,                 1.3936,                0.00687,                0.81702,                0.83703,                0.87032,                0.72872,                0.65113,                0.39423,                 1.4704,                0.00263,               0.006238,               0.006238,               0.006238
                     40,                0.68919,                0.45568,                 1.3909,                0.00677,                0.82094,                0.82912,                0.87085,                0.72991,                0.64935,                0.39391,                 1.4731,                0.00258,               0.006139,               0.006139,               0.006139
                     41,                 0.6856,                0.45055,                 1.3873,                0.00645,                0.82275,                0.83118,                0.87287,                 0.7322,                0.64937,                0.39336,                 1.4701,                0.00243,                0.00604,                0.00604,                0.00604
                     42,                0.68237,                0.44756,                 1.3918,                0.00645,                0.82678,                0.82621,                0.87177,                0.73127,                0.64878,                0.39275,                  1.474,                0.00244,               0.005941,               0.005941,               0.005941
                     43,                0.68245,                 0.4473,                 1.3894,                0.00662,                0.81696,                0.84001,                0.87241,                0.73234,                0.64836,                0.39196,                 1.4693,                0.00239,               0.005842,               0.005842,               0.005842
                     44,                0.68094,                0.44492,                 1.3859,                0.00627,                0.81682,                0.83398,                0.87025,                0.73046,                0.64812,                0.39294,                 1.4673,                0.00217,               0.005743,               0.005743,               0.005743
                     45,                  0.679,                0.44518,                 1.3826,                0.00606,                0.82139,                0.82766,                0.86842,                0.72961,                0.64674,                 0.3931,                 1.4668,                0.00223,               0.005644,               0.005644,               0.005644
                     46,                0.67764,                0.44032,                 1.3899,                0.00584,                0.83133,                0.82026,                0.86757,                0.72821,                0.64593,                0.39241,                 1.4685,                0.00235,               0.005545,               0.005545,               0.005545
                     47,                0.67751,                0.43904,                 1.3844,                0.00605,                 0.8285,                 0.8235,                0.86819,                0.72946,                0.64547,                0.39257,                 1.4665,                0.00223,               0.005446,               0.005446,               0.005446
                     48,                0.67683,                0.43913,                 1.3822,                0.00589,                0.82407,                0.83033,                0.86865,                0.72987,                0.64522,                0.39246,                 1.4649,                0.00222,               0.005347,               0.005347,               0.005347
                     49,                0.67443,                0.43626,                 1.3847,                0.00573,                0.82437,                0.82653,                0.86817,                0.72919,                0.64503,                0.39229,                 1.4655,                0.00228,               0.005248,               0.005248,               0.005248
                     50,                0.66938,                0.43162,                 1.3817,                0.00603,                0.82956,                0.82603,                0.86899,                 0.7303,                0.64477,                0.39139,                 1.4659,                0.00229,               0.005149,               0.005149,               0.005149
                     51,                0.67133,                0.43185,                 1.3872,                0.00603,                0.82781,                0.82965,                0.87075,                0.73239,                0.64463,                 0.3909,                 1.4663,                 0.0023,                0.00505,                0.00505,                0.00505
                     52,                0.67078,                0.43027,                 1.3796,                0.00596,                0.83072,                0.82756,                0.87127,                0.73322,                0.64427,                0.39025,                  1.466,                0.00227,               0.004951,               0.004951,               0.004951
                     53,                0.66702,                0.42885,                 1.3814,                0.00516,                 0.8296,                0.82941,                0.87167,                0.73315,                0.64377,                0.38963,                  1.466,                0.00223,               0.004852,               0.004852,               0.004852
                     54,                0.66881,                 0.4278,                 1.3851,                0.00598,                 0.8288,                0.83216,                0.87263,                0.73392,                0.64334,                0.38862,                 1.4685,                0.00221,               0.004753,               0.004753,               0.004753
                     55,                0.66462,                0.42502,                 1.3795,                0.00621,                 0.8307,                0.82972,                0.87256,                0.73362,                0.64318,                0.38872,                 1.4685,                0.00221,               0.004654,               0.004654,               0.004654
                     56,                0.66245,                0.42165,                 1.3795,                 0.0053,                 0.8322,                0.83042,                0.87255,                 0.7341,                 0.6427,                0.38829,                  1.469,                 0.0022,               0.004555,               0.004555,               0.004555
                     57,                0.66312,                0.42169,                 1.3884,                0.00542,                0.82697,                0.83691,                0.87355,                0.73467,                0.64254,                0.38753,                 1.4701,                0.00219,               0.004456,               0.004456,               0.004456
                     58,                0.66189,                0.42122,                 1.3792,                0.00622,                0.82863,                0.83577,                 0.8747,                0.73589,                0.64237,                0.38683,                 1.4703,                0.00218,               0.004357,               0.004357,               0.004357
                     59,                0.65917,                0.41704,                 1.3794,                0.00564,                0.83181,                0.83111,                 0.8755,                0.73644,                0.64205,                0.38641,                 1.4699,                0.00216,               0.004258,               0.004258,               0.004258
                     60,                0.65866,                0.41598,                 1.3847,                0.00552,                0.83354,                0.83191,                0.87594,                0.73676,                0.64157,                0.38571,                 1.4725,                0.00214,               0.004159,               0.004159,               0.004159
                     61,                  0.656,                 0.4142,                 1.3723,                0.00517,                0.83149,                0.83257,                0.87614,                0.73729,                0.64138,                0.38547,                 1.4729,                0.00212,                0.00406,                0.00406,                0.00406
                     62,                0.65344,                0.41214,                 1.3801,                0.00593,                0.83183,                0.83291,                0.87583,                0.73721,                0.64115,                0.38526,                 1.4735,                 0.0021,               0.003961,               0.003961,               0.003961
                     63,                0.65438,                0.41025,                 1.3744,                0.00524,                 0.8382,                0.82748,                0.87557,                0.73667,                0.64106,                0.38507,                 1.4737,                0.00212,               0.003862,               0.003862,               0.003862
                     64,                0.65332,                0.40995,                 1.3784,                0.00503,                0.83436,                0.83179,                0.87551,                0.73662,                0.64086,                0.38481,                 1.4746,                 0.0021,               0.003763,               0.003763,               0.003763
                     65,                0.65001,                0.40482,                 1.3724,                 0.0058,                0.83193,                0.83316,                0.87521,                0.73658,                0.64084,                0.38478,                 1.4751,                0.00211,               0.003664,               0.003664,               0.003664
                     66,                0.64819,                0.40524,                  1.377,                0.00536,                0.82912,                0.83701,                0.87479,                0.73614,                0.64078,                0.38466,                 1.4753,                 0.0021,               0.003565,               0.003565,               0.003565
                     67,                0.64711,                0.40411,                 1.3737,                0.00529,                0.82962,                0.83525,                 0.8749,                0.73583,                0.64072,                0.38443,                 1.4757,                0.00209,               0.003466,               0.003466,               0.003466
                     68,                0.64851,                0.40423,                 1.3708,                0.00607,                0.83055,                0.83458,                0.87532,                0.73602,                0.64075,                 0.3845,                  1.475,                0.00208,               0.003367,               0.003367,               0.003367
                     69,                0.64456,                  0.401,                 1.3645,                0.00537,                0.82897,                0.83572,                0.87549,                0.73657,                0.64074,                0.38456,                 1.4745,                0.00209,               0.003268,               0.003268,               0.003268
                     70,                0.64276,                0.39896,                 1.3682,                0.00487,                0.84121,                0.82667,                0.87546,                0.73669,                0.64063,                 0.3844,                 1.4744,                0.00208,               0.003169,               0.003169,               0.003169
                     71,                0.64151,                0.39589,                 1.3731,                0.00486,                0.84159,                0.82605,                0.87526,                 0.7365,                0.64054,                0.38418,                 1.4749,                0.00206,                0.00307,                0.00307,                0.00307
                     72,                0.64079,                0.39652,                  1.369,                0.00486,                0.84463,                0.82357,                0.87534,                0.73662,                0.64051,                0.38404,                 1.4754,                0.00205,               0.002971,               0.002971,               0.002971
                     73,                0.63975,                0.39293,                 1.3649,                0.00544,                0.84439,                0.82396,                 0.8756,                 0.7368,                0.64047,                0.38401,                 1.4753,                0.00203,               0.002872,               0.002872,               0.002872
                     74,                0.63601,                0.39085,                 1.3618,                0.00537,                0.84134,                0.82766,                0.87558,                0.73666,                0.64035,                  0.384,                 1.4754,                0.00203,               0.002773,               0.002773,               0.002773
                     75,                0.63627,                0.38996,                 1.3711,                0.00518,                0.84257,                0.82741,                0.87543,                0.73661,                0.64021,                0.38404,                 1.4758,                0.00204,               0.002674,               0.002674,               0.002674
                     76,                0.63372,                0.38639,                 1.3637,                0.00549,                0.84219,                0.82793,                 0.8752,                0.73671,                0.64031,                0.38423,                 1.4761,                0.00204,               0.002575,               0.002575,               0.002575
                     77,                0.63136,                0.38686,                  1.361,                0.00481,                0.84508,                0.82668,                0.87531,                0.73682,                0.64013,                0.38406,                  1.476,                0.00204,               0.002476,               0.002476,               0.002476
                     78,                0.62947,                0.38514,                  1.356,                0.00476,                0.83995,                0.83054,                0.87525,                0.73667,                0.63994,                0.38415,                 1.4757,                0.00204,               0.002377,               0.002377,               0.002377
                     79,                0.62864,                 0.3818,                 1.3589,                0.00519,                0.84053,                0.82968,                0.87514,                0.73672,                0.63992,                0.38404,                  1.476,                0.00205,               0.002278,               0.002278,               0.002278
                     80,                0.62647,                0.38005,                 1.3604,                0.00458,                0.84239,                0.82844,                 0.8753,                0.73694,                0.63984,                0.38383,                 1.4762,                0.00206,               0.002179,               0.002179,               0.002179
                     81,                 0.6272,                0.38024,                  1.359,                0.00457,                0.84178,                0.83043,                0.87565,                0.73721,                0.63979,                0.38381,                 1.4764,                0.00206,                0.00208,                0.00208,                0.00208
                     82,                0.62215,                0.37583,                 1.3575,                0.00456,                0.83781,                0.83619,                0.87603,                0.73751,                0.63975,                0.38377,                 1.4765,                0.00207,               0.001981,               0.001981,               0.001981
                     83,                0.62323,                0.37614,                 1.3503,                0.00384,                0.83667,                 0.8369,                0.87575,                0.73755,                0.63972,                 0.3838,                 1.4764,                0.00206,               0.001882,               0.001882,               0.001882
                     84,                0.61931,                0.37302,                 1.3533,                0.00456,                0.83608,                 0.8375,                0.87583,                0.73782,                0.63959,                0.38374,                 1.4764,                0.00204,               0.001783,               0.001783,               0.001783
                     85,                0.61962,                0.37115,                 1.3513,                0.00499,                0.83625,                0.83763,                 0.8756,                0.73799,                0.63955,                0.38386,                 1.4768,                0.00204,               0.001684,               0.001684,               0.001684
                     86,                0.62011,                0.37188,                 1.3507,                0.00436,                0.83888,                0.83738,                 0.8756,                0.73805,                0.63958,                0.38408,                 1.4767,                0.00205,               0.001585,               0.001585,               0.001585
                     87,                0.61635,                0.36812,                 1.3477,                0.00404,                0.83948,                 0.8377,                 0.8757,                0.73822,                 0.6396,                0.38423,                 1.4769,                0.00205,               0.001486,               0.001486,               0.001486
                     88,                 0.6156,                  0.367,                 1.3467,                 0.0043,                0.84035,                0.83692,                 0.8757,                0.73803,                0.63951,                0.38429,                  1.477,                0.00203,               0.001387,               0.001387,               0.001387
                     89,                0.61051,                0.36372,                 1.3495,                0.00442,                 0.8406,                0.83889,                 0.8756,                0.73837,                0.63943,                0.38454,                 1.4772,                0.00202,               0.001288,               0.001288,               0.001288
                     90,                0.61115,                0.36294,                  1.345,                0.00454,                0.84103,                0.83754,                 0.8754,                0.73808,                0.63947,                0.38461,                 1.4776,                0.00201,               0.001189,               0.001189,               0.001189
                     91,                0.61003,                0.36143,                 1.3466,                0.00395,                0.83957,                0.83964,                0.87519,                0.73785,                0.63949,                0.38494,                 1.4778,                0.00199,                0.00109,                0.00109,                0.00109
                     92,                0.60611,                0.35893,                 1.3371,                0.00418,                0.83938,                0.83955,                0.87481,                0.73722,                0.63951,                0.38502,                 1.4782,                0.00198,               0.000991,               0.000991,               0.000991
                     93,                 0.6057,                0.35777,                 1.3391,                0.00381,                0.83784,                0.84049,                0.87463,                0.73752,                0.63944,                0.38522,                 1.4784,                0.00197,               0.000892,               0.000892,               0.000892
                     94,                0.60453,                0.35552,                 1.3414,                0.00376,                0.83706,                0.84065,                0.87445,                0.73706,                 0.6394,                0.38533,                 1.4787,                0.00197,               0.000793,               0.000793,               0.000793
                     95,                0.60434,                0.35536,                 1.3382,                 0.0037,                0.83583,                0.84011,                0.87394,                0.73695,                0.63938,                0.38541,                 1.4789,                0.00196,               0.000694,               0.000694,               0.000694
                     96,                0.60033,                0.35314,                 1.3391,                0.00376,                0.83513,                0.83946,                0.87363,                0.73709,                 0.6393,                 0.3855,                  1.479,                0.00193,               0.000595,               0.000595,               0.000595
                     97,                0.59843,                0.35046,                 1.3327,                0.00405,                0.83331,                0.84158,                0.87296,                0.73666,                0.63934,                0.38574,                 1.4793,                0.00193,               0.000496,               0.000496,               0.000496
                     98,                0.59716,                0.34918,                 1.3291,                0.00372,                0.83186,                0.84291,                0.87249,                0.73631,                0.63928,                0.38589,                 1.4795,                0.00191,               0.000397,               0.000397,               0.000397
                     99,                0.59651,                 0.3489,                  1.325,                0.00363,                0.83147,                0.84265,                0.87232,                0.73617,                0.63936,                0.38611,                 1.4797,                 0.0019,               0.000298,               0.000298,               0.000298
                    100,                0.59536,                0.34708,                  1.331,                0.00377,                0.83123,                0.84343,                0.87205,                0.73579,                0.63947,                0.38627,                 1.4799,                0.00189,               0.000199,               0.000199,               0.000199
